Time (s),Ax (m/s²),Ay (m/s²),Az (m/s²),Ωx (rad/s),Ωy (rad/s),Ωz (rad/s)
0.009999999776482582,-0.9820300340652466,0.47622233629226685,-10.028751373291016,0.2209499180316925,0.038036808371543884,-0.21529191732406616
0.019999999552965164,-0.9820432066917419,0.49986541271209717,-9.8855619430542,0.22388087213039398,0.037854764610528946,-0.21517904102802277
0.029999999329447746,-0.6457238793373108,0.16007044911384583,-9.082023620605469,0.22567221522331238,0.07210864126682281,-0.22349128127098083
0.03999999910593033,-0.6447324752807617,0.16798633337020874,-8.953791618347168,0.25020480155944824,0.1010795384645462,-0.22581420838832855
0.05000000074505806,-0.6104466319084167,0.24999196827411652,-8.906396865844727,0.27916842699050903,0.136178120970726,-0.21797528862953186
0.05999999865889549,-0.5520713329315186,0.3009125292301178,-8.963973045349121,0.3325517475605011,0.17827092111110687,-0.21030747890472412
0.07000000029802322,-0.5513885021209717,0.2648465037345886,-9.072461128234863,0.3667764961719513,0.21429793536663055,-0.18892793357372284
0.07999999821186066,-0.46886470913887024,0.22088095545768738,-9.116803169250488,0.36333218216896057,0.24020680785179138,-0.16106751561164856
0.09000000357627869,-0.4348611831665039,0.16777388751506805,-9.16694450378418,0.3434235751628876,0.26427701115608215,-0.1344231814146042
0.10000000149011612,-0.4513147175312042,0.1624465137720108,-9.243646621704102,0.30888932943344116,0.30048972368240356,-0.11950992792844772
0.10999999940395355,-0.5511357188224792,0.21287354826927185,-9.244553565979004,0.1849411129951477,0.31022191047668457,-0.10516829788684845
0.11999999731779099,-0.6399624943733215,0.29243120551109314,-9.295587539672852,0.14589576423168182,0.31976118683815,-0.09248693287372589
0.12999999523162842,-0.6348150968551636,0.3207087814807892,-9.30225658416748,0.13717573881149292,0.3213376998901367,-0.05527297779917717
0.14000000059604645,-0.6387676000595093,0.2904767394065857,-9.279375076293945,0.12721049785614014,0.3117693066596985,-0.016406036913394928
0.15000000596046448,-0.6756009459495544,0.29902341961860657,-9.436895370483398,0.13802771270275116,0.30062443017959595,0.026968378573656082
0.1599999964237213,-0.74113929271698,0.33862248063087463,-9.615067481994629,0.14644917845726013,0.28097066283226013,0.05272432789206505
0.17000000178813934,-0.8077610731124878,0.42545217275619507,-9.659040451049805,0.16205786168575287,0.2676849067211151,0.07470826804637909
0.18000000715255737,-0.7274171113967896,0.37827056646347046,-9.774514198303223,0.19605323672294617,0.27624109387397766,0.1089075356721878
0.1899999976158142,-0.6603357791900635,0.10044634342193604,-9.806401252746582,0.22868689894676208,0.32356593012809753,0.1565454751253128
0.20000000298023224,-0.5765842199325562,-0.187794029712677,-9.804319381713867,0.2584369480609894,0.3936210870742798,0.1641440987586975
0.20999999344348907,-0.40665510296821594,-0.3849199712276459,-9.687463760375977,0.2684968411922455,0.45178496837615967,0.14450493454933167
0.2199999988079071,-0.3739187717437744,-0.49900421500205994,-9.426687240600586,0.26102927327156067,0.5134441256523132,0.10389397293329239
0.23000000417232513,-0.4558188021183014,-0.4377492368221283,-9.202624320983887,0.2235131412744522,0.5705230236053467,0.07109647244215012
0.23999999463558197,-0.5915703177452087,-0.2584356665611267,-9.081273078918457,0.17826728522777557,0.5874351263046265,0.05615772306919098
0.25,-0.631784975528717,-0.03497682884335518,-9.054020881652832,0.1438167840242386,0.5683639049530029,0.08623545616865158
0.25999999046325684,-0.5148965716362,-0.006646961439400911,-9.099120140075684,0.11805355548858643,0.5592688918113708,0.16097284853458405
0.27000001072883606,-0.20183943212032318,-0.3365781307220459,-9.203763008117676,0.08738963305950165,0.5994247198104858,0.24392054975032806
0.2800000011920929,0.05383388325572014,-0.7360920310020447,-9.081791877746582,0.02997943013906479,0.7073929309844971,0.28252896666526794
0.28999999165534973,0.21378645300865173,-0.9549555778503418,-8.844066619873047,-0.04608326777815819,0.8215579986572266,0.2509329915046692
0.30000001192092896,0.3490784168243408,-0.9457062482833862,-8.636836051940918,-0.11188581585884094,0.9086381196975708,0.16632866859436035
0.3100000023841858,0.36428776383399963,-0.753303050994873,-8.41299819946289,-0.17728422582149506,0.9208899140357971,0.0875534787774086
0.3199999928474426,0.3196478486061096,-0.48809781670570374,-8.300003051757812,-0.2298847734928131,0.897460401058197,0.03328539431095123
0.33000001311302185,0.3984324634075165,-0.27719590067863464,-8.187800407409668,-0.2828930616378784,0.8509511947631836,0.03272105008363724
0.3400000035762787,0.33940720558166504,-0.17455731332302094,-8.311141014099121,-0.3099342882633209,0.7914037108421326,0.058913908898830414
0.3499999940395355,0.34953799843788147,-0.05528948828577995,-8.465291976928711,-0.3205038905143738,0.7263075709342957,0.09576741605997086
0.36000001430511475,0.5490683913230896,0.02015659585595131,-8.549847602844238,-0.32375890016555786,0.6871201992034912,0.13679343461990356
0.3700000047683716,0.8014785647392273,0.023101359605789185,-8.407013893127441,-0.3379002809524536,0.6764959692955017,0.170169860124588
0.3799999952316284,0.9660402536392212,-0.033107344061136246,-8.147254943847656,-0.3472028374671936,0.7301305532455444,0.18243978917598724
0.38999998569488525,1.098515510559082,-0.09415644407272339,-7.844487190246582,-0.3395751118659973,0.798397958278656,0.1898745745420456
0.4000000059604645,1.1303917169570923,-0.2113259881734848,-7.561931133270264,-0.3201397955417633,0.8355791568756104,0.16375453770160675
0.4099999964237213,1.015010118484497,-0.2974889576435089,-7.481979846954346,-0.3037956655025482,0.783397376537323,0.092363141477108
0.41999998688697815,0.8931843638420105,-0.19994240999221802,-7.50088357925415,-0.28386521339416504,0.6381533741950989,0.011840309016406536
0.4300000071525574,0.9474068284034729,-0.16168664395809174,-7.385317802429199,-0.28844913840293884,0.4275837242603302,-0.06723707914352417
0.4399999976158142,0.7662012577056885,0.28759080171585083,-7.498652458190918,-0.28597694635391235,0.240862175822258,-0.12930040061473846
0.44999998807907104,0.5534180998802185,0.5223057866096497,-7.536862850189209,-0.2586262822151184,0.09972511231899261,-0.168731689453125
0.46000000834465027,0.6258176565170288,0.5831424593925476,-7.50927209854126,-0.2231890857219696,0.004835156723856926,-0.171200230717659
0.4699999988079071,0.7558045387268066,0.5680394768714905,-7.416572093963623,-0.15887203812599182,-0.0637454241514206,-0.1560976505279541
0.47999998927116394,0.7126550674438477,0.5227993130683899,-7.566213130950928,-0.06117856875061989,-0.10391218215227127,-0.15213631093502045
0.49000000953674316,0.6237658858299255,0.6785383820533752,-7.715856552124023,0.04245690256357193,-0.13847190141677856,-0.18089602887630463
0.5,0.4131264090538025,0.9835191369056702,-7.831075668334961,0.11545393615961075,-0.1738799512386322,-0.23972256481647491
0.5099999904632568,0.1346210241317749,1.3603181838989258,-8.05045223236084,0.15993519127368927,-0.23998470604419708,-0.29102692008018494
0.5199999809265137,0.010234630666673183,1.6554350852966309,-7.936413288116455,0.20588375627994537,-0.3552493155002594,-0.29076477885246277
0.5299999713897705,-0.03016386553645134,1.794028639793396,-7.618610858917236,0.2414155900478363,-0.4492836594581604,-0.23021608591079712
0.5400000214576721,-0.04680124297738075,1.8734161853790283,-7.529234409332275,0.31528645753860474,-0.4745480716228485,-0.15058527886867523
0.550000011920929,-0.06622574478387833,1.933050274848938,-7.4868855476379395,0.39312228560447693,-0.505801796913147,-0.07449345290660858
0.5600000023841858,-1.6286555528640747,1.393919825553894,-8.71044635772705,0.48088330030441284,-0.5739127397537231,-0.01440352387726307
0.5699999928474426,0.5647570490837097,0.8691178560256958,-9.021589279174805,0.5317835211753845,-0.556902289390564,0.05591742321848869
0.5799999833106995,0.4888842701911926,0.29960519075393677,-9.763855934143066,0.5489250421524048,-0.4639565944671631,-0.015903588384389877
0.5899999737739563,-0.17860354483127594,0.5213677883148193,-10.038979530334473,0.48414918780326843,-0.12628570199012756,-0.13615627586841583
0.6000000238418579,0.2962445616722107,1.209167718887329,-10.392973899841309,0.3666526973247528,0.3102000653743744,-0.17341028153896332
0.6100000143051147,0.7005544900894165,1.5100926160812378,-10.687173843383789,0.17228159308433533,0.6684131026268005,-0.18168611824512482
0.6200000047683716,0.8200232982635498,1.055088996887207,-14.016654014587402,-0.08717118203639984,0.9241957664489746,-0.16778139770030975
0.6299999952316284,1.859140396118164,1.4024109840393066,-10.40833568572998,-0.5223097801208496,0.670229971408844,-0.17686188220977783
0.6399999856948853,0.6003658175468445,0.8419057130813599,-10.154426574707031,-0.749332845211029,0.28831443190574646,-0.33974623680114746
0.6499999761581421,-0.6677385568618774,-2.4696784019470215,-4.994455337524414,-0.6991971731185913,-0.22971728444099426,-0.496604859828949
0.6600000262260437,-0.05521513149142265,-1.4272257089614868,-10.868189811706543,-0.07697656005620956,-0.9006244540214539,-0.535315215587616
0.6700000166893005,-1.354122281074524,-0.7565386891365051,-12.669963836669922,0.27971819043159485,-1.4305291175842285,-0.6176475882530212
0.6800000071525574,-1.1666333675384521,-0.7246071100234985,-12.800610542297363,0.2769802212715149,-1.243582010269165,-0.5767344832420349
0.6899999976158142,0.02863488905131817,-0.3645321726799011,-12.846734046936035,0.20189328491687775,-0.6191331148147583,-0.3564945161342621
0.699999988079071,1.1291311979293823,-0.6809454560279846,-12.923630714416504,0.08951229602098465,-0.0791720524430275,-0.20812655985355377
0.7099999785423279,1.2853314876556396,-0.5287525653839111,-11.795153617858887,-0.0983961671590805,0.10829585790634155,-0.13492563366889954
0.7200000286102295,1.0698137283325195,-0.30523160099983215,-10.869725227355957,-0.2743004858493805,0.044845350086688995,-0.10619140416383743
0.7300000190734863,0.9188200235366821,-0.4519141614437103,-10.324324607849121,-0.42351678013801575,-0.06646156311035156,-0.04823505878448486
0.7400000095367432,0.8086941838264465,-0.21941184997558594,-10.202686309814453,-0.5116382241249084,-0.15773242712020874,0.02041834406554699
0.75,0.7203499674797058,-0.2828075885772705,-10.11904525756836,-0.6426607966423035,-0.2335948646068573,0.013948408886790276
0.7599999904632568,0.6484363079071045,-0.459310382604599,-10.283380508422852,-0.7791447639465332,-0.3264932334423065,-0.056274235248565674
0.7699999809265137,0.6222820281982422,-0.5616351962089539,-10.212634086608887,-0.8828566670417786,-0.4170650243759155,-0.15561340749263763
0.7799999713897705,0.7717951536178589,-0.8598047494888306,-9.858019828796387,-0.9661684036254883,-0.44310498237609863,-0.19965411722660065
0.7900000214576721,1.1561816930770874,-0.9114247560501099,-9.709602355957031,-0.9182501435279846,-0.37822359800338745,-0.13683348894119263
0.800000011920929,1.3369933366775513,-0.8141331672668457,-9.63972282409668,-0.767806887626648,-0.24317781627178192,-0.07607361674308777
0.8100000023841858,1.1134097576141357,-0.717465877532959,-9.573415756225586,-0.6352624297142029,-0.02975733019411564,-0.07508692890405655
0.8199999928474426,0.7831505537033081,-0.7007777094841003,-9.411250114440918,-0.5634632706642151,0.19252152740955353,-0.01536473073065281
0.8299999833106995,0.3908064663410187,-0.6226940751075745,-9.2438383102417,-0.5275745987892151,0.3180244565010071,0.11967377364635468
0.8399999737739563,0.1921558827161789,-0.3254592716693878,-9.038538932800293,-0.49990713596343994,0.3305055499076843,0.3029072880744934
0.8500000238418579,0.10271850228309631,-0.022697720676660538,-8.880908012390137,-0.4595765471458435,0.27343758940696716,0.47419852018356323
0.8600000143051147,0.005802810657769442,0.16932962834835052,-8.746047973632812,-0.4051082134246826,0.19452403485774994,0.5894522070884705
0.8700000047683716,-0.08541060239076614,0.2831164598464966,-8.644882202148438,-0.36270594596862793,0.17495039105415344,0.6471791863441467
0.8799999952316284,-0.1961272954940796,0.4160132110118866,-8.540164947509766,-0.3483169972896576,0.20683038234710693,0.6656132340431213
0.8899999856948853,-0.3528134524822235,0.508539617061615,-8.41404914855957,-0.3732755482196808,0.2432032972574234,0.6537001132965088
0.8999999761581421,-0.41601449251174927,0.6023994088172913,-8.489251136779785,-0.40717262029647827,0.2749631404876709,0.6325463056564331
0.9100000262260437,-0.05061589553952217,1.0914065837860107,-8.789244651794434,-0.47720959782600403,0.27577871084213257,0.6039649844169617
0.9200000166893005,0.5760039687156677,1.1717159748077393,-8.903871536254883,-0.6039322018623352,0.24447761476039886,0.5974950790405273
0.9300000071525574,1.1963108777999878,0.3006150722503662,-8.647530555725098,-0.7862627506256104,0.2381897121667862,0.800025463104248
0.9399999976158142,1.195995807647705,0.7602989077568054,-8.116394996643066,-0.9157378673553467,0.08791028708219528,0.8547705411911011
0.949999988079071,0.9594712853431702,1.5255125761032104,-7.815456867218018,-0.9908576011657715,-0.020702335983514786,0.9224044680595398
0.9599999785423279,0.734656572341919,2.028325080871582,-8.20407485961914,-0.8899564743041992,-0.19754965603351593,0.9518523216247559
0.9700000286102295,0.1530606746673584,1.667171597480774,-8.18896484375,-0.5275564193725586,-0.4570206105709076,0.8999508619308472
0.9800000190734863,0.03480660915374756,1.6428879499435425,-8.725735664367676,-0.4480712115764618,-0.4376727044582367,0.8063644170761108
0.9900000095367432,-0.47332942485809326,0.907030463218689,-8.108111381530762,-0.45370009541511536,-0.4971873462200165,0.5614098310470581
1,-0.6219627857208252,0.03855075314640999,-7.725096225738525,-0.4969579875469208,-0.4695053696632385,0.31650254130363464
1.0099999904632568,-0.2540265619754791,0.4225335419178009,-7.807248115539551,-0.4762629270553589,-0.4060002565383911,0.1803790181875229
1.0199999809265137,-0.18781189620494843,1.3239644765853882,-7.971662521362305,-0.34589576721191406,-0.4518541395664215,0.12225154787302017
1.0299999713897705,-0.41157281398773193,1.6843140125274658,-7.8268656730651855,-0.3511241376399994,-0.48489561676979065,0.13896343111991882
1.0399999618530273,-0.5849193334579468,1.6361192464828491,-7.571861743927002,-0.5161493420600891,-0.44453221559524536,0.23397351801395416
1.0499999523162842,-0.6526178121566772,1.5709160566329956,-7.433871269226074,-0.7270612716674805,-0.35953468084335327,0.3321184813976288
1.059999942779541,-0.6104400753974915,1.6108813285827637,-7.522464275360107,-0.8959167003631592,-0.23058746755123138,0.4103693962097168
1.0700000524520874,-0.5108619928359985,1.658236026763916,-7.863024711608887,-1.0069504976272583,-0.05789080634713173,0.4629480540752411
1.0800000429153442,-0.2082901895046234,1.7801315784454346,-8.364527702331543,-1.0867451429367065,0.1048952266573906,0.4764486253261566
1.090000033378601,0.11495031416416168,1.8900913000106812,-8.68978214263916,-1.1283392906188965,0.15756858885288239,0.43963155150413513
1.100000023841858,0.3464488685131073,1.9713287353515625,-8.799463272094727,-1.1190803050994873,0.03283391892910004,0.3438167870044708
1.1100000143051147,0.44106656312942505,2.137951374053955,-8.71003246307373,-1.0384992361068726,-0.20175492763519287,0.24492910504341125
1.1200000047683716,0.43540698289871216,2.217639684677124,-8.622143745422363,-0.9046367406845093,-0.4379749000072479,0.1911088526248932
1.1299999952316284,0.407716304063797,2.4373433589935303,-8.491562843322754,-0.7509129643440247,-0.6135952472686768,0.1678360104560852
1.1399999856948853,0.1457005739212036,2.50575590133667,-8.293111801147461,-0.6109409928321838,-0.733363687992096,0.1510767936706543
1.149999976158142,-0.2060151845216751,2.3838114738464355,-8.127689361572266,-0.5131674408912659,-0.7714551091194153,0.1455826461315155
1.159999966621399,-0.5032162666320801,2.2454042434692383,-7.871700286865234,-0.5080118775367737,-0.6880486607551575,0.15742658078670502
1.1699999570846558,-0.5165839195251465,2.3546643257141113,-7.746859550476074,-0.6273288130760193,-0.46939617395401,0.20128889381885529
1.1799999475479126,-0.49735313653945923,2.526735305786133,-7.808983325958252,-0.7992535829544067,-0.3115617632865906,0.25971126556396484
1.190000057220459,-0.3912619650363922,2.6499383449554443,-7.797411918640137,-0.9648723006248474,-0.3095119297504425,0.28405818343162537
1.2000000476837158,-0.3737710416316986,2.751027822494507,-7.648195266723633,-1.0977880954742432,-0.4047550559043884,0.2541697919368744
1.2100000381469727,-0.42506855726242065,2.9203696250915527,-7.622166156768799,-1.1926088333129883,-0.498698353767395,0.17169541120529175
1.2200000286102295,-0.4220089316368103,2.994828462600708,-7.853485107421875,-1.2486063241958618,-0.5594691634178162,0.02914929762482643
1.2300000190734863,-0.5663024187088013,3.001237630844116,-8.094488143920898,-1.2763903141021729,-0.6571698784828186,-0.15406601130962372
1.2400000095367432,-0.7373443245887756,2.9682343006134033,-8.12590217590332,-1.2814804315567017,-0.8599442839622498,-0.3438349962234497
1.25,-1.01583993434906,3.4909346103668213,-8.25493335723877,-1.2954870462417603,-1.1093299388885498,-0.4918716251850128
1.2599999904632568,-1.5923571586608887,4.154666423797607,-7.937812805175781,-1.331073522567749,-1.327396273612976,-0.5567675828933716
1.2699999809265137,-1.9130173921585083,4.782548427581787,-7.680525779724121,-1.46756112575531,-1.453911304473877,-0.5053539872169495
1.2799999713897705,-1.5830078125,4.765461444854736,-7.75361442565918,-1.721923828125,-1.4077224731445312,-0.37732791900634766
1.2899999618530273,-1.5986636877059937,4.4773850440979,-8.045987129211426,-2.0500810146331787,-1.1479856967926025,-0.2761136591434479
1.2999999523162842,-1.9591903686523438,4.141419887542725,-8.278794288635254,-2.367238998413086,-0.8721632361412048,-0.21472392976284027
1.309999942779541,-2.1832008361816406,4.321357727050781,-8.50341510772705,-2.6158671379089355,-0.799075186252594,-0.14650379121303558
1.3200000524520874,-2.2489426136016846,4.917004108428955,-8.677626609802246,-2.7636454105377197,-0.8863519430160522,-0.1137208491563797
1.3300000429153442,-2.04844069480896,5.488311290740967,-9.326541900634766,-2.876386880874634,-0.9335238337516785,-0.18883326649665833
1.340000033378601,-2.090322971343994,5.868738174438477,-10.251363754272461,-2.975339889526367,-0.9511969685554504,-0.3418470323085785
1.350000023841858,-1.9952095746994019,6.126978397369385,-11.02086353302002,-3.0404069423675537,-1.0873277187347412,-0.5186542868614197
1.3600000143051147,-1.7009761333465576,6.575752258300781,-11.05476188659668,-3.112475633621216,-1.3981140851974487,-0.6810689568519592
1.3700000047683716,-1.6336486339569092,6.712966442108154,-10.847055435180664,-3.229287624359131,-1.779170274734497,-0.8739582300186157
1.3799999952316284,-1.8827496767044067,6.81643533706665,-10.07337474822998,-3.422002077102661,-2.04689884185791,-1.051894187927246
1.3899999856948853,-2.5816049575805664,7.02032995223999,-10.242805480957031,-3.6255555152893066,-1.9200305938720703,-1.1339644193649292
1.399999976158142,-2.9548757076263428,6.453327655792236,-10.914220809936523,-3.7343904972076416,-1.4570825099945068,-1.0883872509002686
1.409999966621399,-3.9918954372406006,7.4222822189331055,-12.470349311828613,-3.572500228881836,-0.9623236060142517,-0.9463217258453369
1.4199999570846558,-4.061373233795166,10.073648452758789,-13.1937255859375,-3.1391963958740234,-0.9229251146316528,-0.771669864654541
1.4299999475479126,-5.4805827140808105,10.554830551147461,-13.53158950805664,-2.6055123805999756,-0.9940033555030823,-0.7280988693237305
1.440000057220459,-5.667960166931152,10.841829299926758,-14.726006507873535,-1.9825090169906616,-0.8614807724952698,-0.7037701606750488
1.4500000476837158,-5.728321552276611,10.691047668457031,-15.518135070800781,-1.393446445465088,-0.7598769664764404,-0.7032859325408936
1.4600000381469727,-6.0153326988220215,10.906744003295898,-15.773138046264648,-0.8588446974754333,-0.7419525980949402,-0.6710418462753296
1.4700000286102295,-6.416464805603027,11.610138893127441,-15.916114807128906,-0.3954998254776001,-0.5844641327857971,-0.5633139610290527
1.4800000190734863,-6.779913902282715,11.609830856323242,-15.59278392791748,0.04946205019950867,-0.2386120855808258,-0.4073401093482971
1.4900000095367432,-7.721231937408447,10.704680442810059,-16.718700408935547,0.5890189409255981,0.2033023238182068,-0.1933261752128601
1.5,-7.603418350219727,12.622535705566406,-18.289518356323242,1.2250241041183472,0.462627649307251,0.16496331989765167
1.5099999904632568,-7.756798267364502,14.622368812561035,-19.153121948242188,1.7277603149414062,0.630165159702301,0.3960423171520233
1.5199999809265137,-7.422389507293701,16.408275604248047,-19.611982345581055,2.1860153675079346,0.747133731842041,0.3976224958896637
1.5299999713897705,-7.248806953430176,16.979101181030273,-20.624610900878906,2.666945695877075,0.8569259643554688,0.15629427134990692
1.5399999618530273,-7.237415313720703,16.26870346069336,-21.285009384155273,3.2516138553619385,1.1079026460647583,-0.14467240869998932
1.5499999523162842,-8.041284561157227,16.52234649658203,-20.9609375,4.01668643951416,1.5986928939819336,-0.3561486303806305
1.559999942779541,-9.803954124450684,16.804149627685547,-20.834339141845703,5.099481105804443,2.2864649295806885,-0.501105010509491
1.5700000524520874,-11.286958694458008,16.926288604736328,-20.932174682617188,6.516542434692383,3.276510715484619,-0.598190426826477
1.5800000429153442,-10.923195838928223,15.99384880065918,-21.461843490600586,8.099080085754395,4.748775959014893,-0.602938175201416
1.590000033378601,-9.743037223815918,14.175788879394531,-22.524778366088867,9.823018074035645,6.456496238708496,-0.5965629816055298
1.600000023841858,-7.831433296203613,12.305532455444336,-23.1226806640625,11.710947036743164,8.032323837280273,-0.6036409139633179
1.6100000143051147,-5.452878475189209,9.743448257446289,-20.591150283813477,13.739487648010254,9.100886344909668,-0.641677737236023
1.6200000047683716,-1.3100930452346802,5.485987663269043,-15.736838340759277,16.018157958984375,10.42439079284668,-0.8657843470573425
1.6299999952316284,2.933229684829712,-2.5167458057403564,-9.60222053527832,18.436857223510742,12.701327323913574,-0.9823159575462341
1.6399999856948853,7.284285068511963,-13.734642028808594,-8.542499542236328,20.869150161743164,15.056962013244629,-0.30824488401412964
1.649999976158142,9.94283390045166,-21.320602416992188,-3.6554691791534424,22.525375366210938,16.083948135375977,1.0344104766845703
1.659999966621399,12.557957649230957,-22.685007095336914,-1.75022554397583,22.465179443359375,17.341657638549805,2.644033432006836
1.6699999570846558,13.55195140838623,-22.144060134887695,-4.749943256378174,22.014225006103516,18.957448959350586,4.533436298370361
1.6799999475479126,14.685361862182617,-20.75615692138672,-4.822464942932129,21.066490173339844,19.956260681152344,6.514452934265137
1.690000057220459,15.822654724121094,-19.043865203857422,-4.522008895874023,19.69401741027832,20.97327995300293,8.446523666381836
1.7000000476837158,16.72992515563965,-16.95941925048828,-4.250391483306885,17.879533767700195,22.168771743774414,10.301862716674805
1.7100000381469727,17.33790397644043,-14.413129806518555,-3.894965171813965,15.609576225280762,23.460195541381836,12.059725761413574
1.7200000286102295,17.383068084716797,-11.50489330291748,-3.4113292694091797,12.853802680969238,24.721214294433594,13.639026641845703
1.7300000190734863,16.584985733032227,-8.552353858947754,-2.9212942123413086,9.64482307434082,25.796648025512695,14.939509391784668
1.7400000095367432,15.083189964294434,-5.867985248565674,-2.5815389156341553,5.973879814147949,26.58572006225586,15.858375549316406
1.75,12.781217575073242,-3.5839006900787354,-2.047983407974243,1.9356828927993774,27.02048110961914,16.361846923828125
1.7599999904632568,10.097702980041504,-2.0320005416870117,-1.8714884519577026,-2.078800678253174,26.996959686279297,16.317136764526367
1.7699999809265137,7.2018232345581055,-1.3434617519378662,-1.7138705253601074,-5.974629878997803,26.553119659423828,15.781820297241211
1.7799999713897705,4.462821006774902,-1.441688060760498,-1.8145897388458252,-9.590533256530762,25.761533737182617,14.822235107421875
1.7899999618530273,2.1349244117736816,-2.053051710128784,-2.021911859512329,-12.811108589172363,24.7139835357666,13.499553680419922
1.7999999523162842,0.21001121401786804,-3.1169838905334473,-2.3964076042175293,-15.567621231079102,23.516265869140625,11.904356002807617
1.809999942779541,-1.0968141555786133,-4.262938022613525,-2.7220311164855957,-17.826372146606445,22.25670051574707,10.135643005371094
1.8200000524520874,-2.0384674072265625,-5.450798988342285,-3.224635601043701,-19.6536922454834,21.006420135498047,8.183084487915039
1.8300000429153442,-2.3859875202178955,-6.507655620574951,-3.71812105178833,-20.969877243041992,19.9871883392334,6.246549129486084
1.840000033378601,-2.4996654987335205,-7.428473949432373,-4.138512134552002,-21.909194946289062,19.186914443969727,4.317922592163086
1.850000023841858,-2.1911420822143555,-8.138903617858887,-4.486335754394531,-22.49881935119629,18.64609718322754,2.3700969219207764
1.8600000143051147,-1.8397217988967896,-8.538541793823242,-4.707133769989014,-22.764806747436523,18.397876739501953,0.4329686462879181
1.8700000047683716,-1.2095990180969238,-8.711217880249023,-5.105422019958496,-22.724502563476562,18.44798469543457,-1.4962807893753052
1.8799999952316284,-0.4105190336704254,-8.784408569335938,-5.306207656860352,-22.386676788330078,18.804420471191406,-3.417447090148926
1.8899999856948853,0.5220310091972351,-8.655835151672363,-5.5685601234436035,-21.6717586517334,19.463708877563477,-5.403528213500977
1.899999976158142,1.865949034690857,-8.566054344177246,-5.832871913909912,-20.587121963500977,20.357812881469727,-7.329238414764404
1.909999966621399,3.4449472427368164,-8.515549659729004,-5.974946022033691,-19.118101119995117,21.462995529174805,-9.220345497131348
1.9199999570846558,5.1854376792907715,-8.656146049499512,-6.031407356262207,-17.21261978149414,22.708982467651367,-11.021445274353027
1.9299999475479126,7.161704063415527,-9.121785163879395,-6.109640121459961,-14.83279037475586,23.992055892944336,-12.701045989990234
1.940000057220459,9.131322860717773,-9.947685241699219,-6.081069469451904,-11.990801811218262,25.20810890197754,-14.17874813079834
1.9500000476837158,11.020965576171875,-11.308713912963867,-5.822249889373779,-8.718774795532227,26.235492706298828,-15.35341739654541
1.9600000381469727,12.372702598571777,-12.898717880249023,-5.747302532196045,-4.994451522827148,26.975051879882812,-16.167638778686523
1.9700000286102295,13.471236228942871,-14.881074905395508,-5.489349842071533,-1.038856029510498,27.292858123779297,-16.512632369995117
1.9800000190734863,13.945230484008789,-16.95034408569336,-5.176873207092285,2.8908157348632812,27.148305892944336,-16.360342025756836
1.9900000095367432,13.871793746948242,-18.996686935424805,-4.970056533813477,6.666305065155029,26.575241088867188,-15.730295181274414
2,13.473501205444336,-20.67911148071289,-4.603968620300293,10.133018493652344,25.65190315246582,-14.703372955322266
2.009999990463257,12.929844856262207,-22.026151657104492,-4.7543625831604,13.205243110656738,24.499082565307617,-13.340910911560059
2.0199999809265137,12.192082405090332,-23.081605911254883,-4.424984931945801,15.825139999389648,23.19414520263672,-11.731794357299805
2.0299999713897705,11.247588157653809,-23.707473754882812,-4.1749677658081055,17.982898712158203,21.858524322509766,-9.950417518615723
2.0399999618530273,10.850831985473633,-24.083232879638672,-4.394657611846924,19.695608139038086,20.595802307128906,-8.040549278259277
2.049999952316284,10.44395923614502,-24.178590774536133,-4.401959419250488,20.929527282714844,19.572551727294922,-6.147170066833496
2.059999942779541,10.362531661987305,-24.099246978759766,-4.4379658699035645,21.798715591430664,18.757829666137695,-4.2429118156433105
2.069999933242798,10.500604629516602,-23.808256149291992,-4.565992832183838,22.327184677124023,18.22102928161621,-2.344479560852051
2.0799999237060547,10.860100746154785,-23.37701988220215,-4.61200475692749,22.532878875732422,17.95830726623535,-0.4526587724685669
2.0899999141693115,11.436433792114258,-22.795942306518555,-4.634654998779297,22.44355583190918,17.975688934326172,1.434639811515808
2.0999999046325684,12.353360176086426,-21.971147537231445,-4.638673305511475,22.066999435424805,18.299657821655273,3.331113576889038
2.109999895095825,13.342509269714355,-20.89907455444336,-4.585443496704102,21.297780990600586,18.926076889038086,5.269694805145264
2.119999885559082,14.387624740600586,-19.477436065673828,-4.402856349945068,20.235191345214844,19.79161834716797,7.145233154296875
2.130000114440918,15.432831764221191,-17.718093872070312,-4.198306560516357,18.761795043945312,20.824787139892578,8.980339050292969
2.140000104904175,16.189090728759766,-15.574857711791992,-3.8910679817199707,16.881818771362305,22.00251579284668,10.722164154052734
2.1500000953674316,16.614404678344727,-13.096062660217285,-3.571011543273926,14.552289009094238,23.211898803710938,12.356352806091309
2.1600000858306885,16.464174270629883,-10.408862113952637,-3.072157621383667,11.766339302062988,24.365449905395508,13.795740127563477
2.1700000762939453,15.62146282196045,-7.658332347869873,-2.603553533554077,8.574149131774902,25.348522186279297,14.944512367248535
2.180000066757202,14.010953903198242,-5.228062152862549,-2.125481367111206,4.896739482879639,26.066438674926758,15.741640090942383
2.190000057220459,11.891866683959961,-3.1959924697875977,-1.7480076551437378,1.0747846364974976,26.375652313232422,16.082401275634766
2.200000047683716,9.261808395385742,-1.952897071838379,-1.4425756931304932,-2.7653491497039795,26.293834686279297,15.948677062988281
2.2100000381469727,6.555243968963623,-1.3589601516723633,-1.3319875001907349,-6.456423759460449,25.83421516418457,15.36929988861084
2.2200000286102295,4.129771709442139,-1.43132746219635,-1.454277753829956,-9.872203826904297,25.06975555419922,14.3970947265625
2.2300000190734863,1.8829737901687622,-2.0191330909729004,-1.6377848386764526,-12.904792785644531,24.063344955444336,13.085649490356445
2.240000009536743,0.16821423172950745,-3.1061201095581055,-1.9856674671173096,-15.470470428466797,22.893856048583984,11.5311861038208
2.25,-1.1084518432617188,-4.151540279388428,-2.4407272338867188,-17.598615646362305,21.664831161499023,9.785160064697266
2.259999990463257,-1.9162575006484985,-5.205229759216309,-2.9655873775482178,-19.259765625,20.498428344726562,7.948764324188232
2.2699999809265137,-2.2870664596557617,-6.2853922843933105,-3.4736580848693848,-20.486438751220703,19.49993324279785,6.104083061218262
2.2799999713897705,-2.377849578857422,-7.060620307922363,-3.870755672454834,-21.348907470703125,18.70241928100586,4.260067939758301
2.2899999618530273,-2.250971794128418,-7.753816604614258,-4.330074787139893,-21.906543731689453,18.153642654418945,2.4220967292785645
2.299999952316284,-1.819890022277832,-8.116300582885742,-4.702391624450684,-22.19350242614746,17.89994239807129,0.5963699817657471
2.309999942779541,-1.3201450109481812,-8.359699249267578,-5.229557991027832,-22.1987247467041,17.952106475830078,-1.242719054222107
2.319999933242798,-1.9697117805480957,-11.570276260375977,-10.6708345413208,-21.925819396972656,18.291784286499023,-3.1058602333068848
2.3299999237060547,-4.0414137840271,-13.682426452636719,-14.030734062194824,-21.4973087310791,18.401111602783203,-4.701913356781006
2.3399999141693115,-12.949055671691895,-23.101518630981445,-38.61980438232422,-17.639999389648438,21.00804328918457,-5.233798980712891
2.3499999046325684,8.727042198181152,-12.976569175720215,-30.37661361694336,-20.603303909301758,14.83270263671875,-4.900752067565918
2.359999895095825,28.72429084777832,22.44481658935547,-38.61980438232422,-13.554201126098633,17.399423599243164,-2.953399658203125
2.369999885559082,26.920522689819336,4.168972492218018,-20.59832191467285,-4.558882713317871,18.91037940979004,0.857370138168335
2.380000114440918,8.623177528381348,-12.532013893127441,-10.154764175415039,-1.076492190361023,12.411628723144531,0.6738744974136353
2.390000104904175,8.480113983154297,-1.8274195194244385,-6.465404510498047,1.2229233980178833,6.114208698272705,0.7022592425346375
2.4000000953674316,8.771629333496094,1.5406384468078613,-3.997246503829956,1.0302525758743286,2.547574281692505,0.02413572184741497
2.4100000858306885,15.11730670928955,-0.837321937084198,-2.6314027309417725,1.5601353645324707,0.6717008352279663,-0.37496858835220337
2.4200000762939453,19.59817886352539,1.750755786895752,-2.6488254070281982,0.9220476150512695,2.6006734371185303,0.1272396296262741
2.430000066757202,17.539031982421875,3.220621109008789,-7.074847221374512,0.5854471921920776,4.041568756103516,0.6820374727249146
2.440000057220459,15.777256965637207,2.0560569763183594,-7.218538761138916,1.3924888372421265,2.604980707168579,1.367846965789795
2.450000047683716,16.863800048828125,3.940176010131836,-10.11711311340332,1.883253574371338,0.830230712890625,1.812157154083252
2.4600000381469727,17.437868118286133,2.9872820377349854,-12.356855392456055,1.5109210014343262,-0.15916694700717926,1.5784602165222168
2.4700000286102295,17.523832321166992,2.461028814315796,-12.180109024047852,0.8860642910003662,-0.7540259957313538,1.0800312757492065
2.4800000190734863,16.67471694946289,1.9784406423568726,-10.98068904876709,0.25424623489379883,-1.0724982023239136,0.5478800535202026
2.490000009536743,15.265101432800293,1.6555430889129639,-9.322915077209473,-0.04560266435146332,-1.2294551134109497,0.03513134643435478
2.5,13.567951202392578,1.310211420059204,-7.628926753997803,-0.05723908171057701,-1.2081958055496216,-0.3657606840133667
2.509999990463257,11.843728065490723,0.6657657623291016,-6.37483549118042,0.0708925724029541,-0.9504213929176331,-0.6363583207130432
2.5199999809265137,11.598368644714355,0.4855828583240509,-6.1701226234436035,0.35128432512283325,-0.43504396080970764,-0.7238608002662659
2.5299999713897705,11.691621780395508,0.3294972777366638,-6.276853084564209,0.6279805302619934,0.24448125064373016,-0.7158252596855164
2.5399999618530273,11.071409225463867,0.48220011591911316,-6.911401271820068,0.8398718237876892,0.9131346344947815,-0.6756148338317871
2.549999952316284,10.37810230255127,0.7420223951339722,-7.787474155426025,0.9033805727958679,1.3259470462799072,-0.6027343273162842
2.559999942779541,10.140299797058105,0.8520277142524719,-8.73038387298584,0.8192423582077026,1.428807020187378,-0.5447925329208374
2.569999933242798,10.194988250732422,0.7674434781074524,-9.18608570098877,0.5694088935852051,1.3044291734695435,-0.5082667469978333
2.5799999237060547,9.868656158447266,0.4860861897468567,-8.581320762634277,0.2154630422592163,1.0162276029586792,-0.5099378824234009
2.5899999141693115,9.513716697692871,0.2289145141839981,-7.171894073486328,-0.13669876754283905,0.6032112836837769,-0.5375106930732727
2.5999999046325684,9.317594528198242,0.057732563465833664,-5.591519832611084,-0.39947569370269775,0.2376144677400589,-0.5634013414382935
2.609999895095825,9.058801651000977,0.08867709338665009,-4.136091709136963,-0.5074511766433716,0.0888933390378952,-0.6041142344474792
2.619999885559082,8.316193580627441,0.2949347496032715,-3.221015453338623,-0.4506344199180603,0.16420599818229675,-0.6794705986976624
2.630000114440918,7.642389297485352,0.376031756401062,-3.1998260021209717,-0.2682492733001709,0.41044947504997253,-0.6951666474342346
2.640000104904175,7.801015377044678,0.8557896018028259,-3.408993721008301,-0.12206222862005234,0.6904844045639038,-0.6056980490684509
2.6500000953674316,7.586557865142822,1.4215731620788574,-3.3750882148742676,-0.10135260969400406,0.739243745803833,-0.6041252017021179
2.6600000858306885,7.247769832611084,1.1455955505371094,-3.852083921432495,0.031111760064959526,0.9383772015571594,-0.7467076778411865
2.6700000762939453,5.948816776275635,0.9104197025299072,-4.032809257507324,0.10099215060472488,0.9581365585327148,-0.8696656227111816
2.680000066757202,3.9885807037353516,1.2467960119247437,-2.8226916790008545,0.054082393646240234,0.9030748009681702,-0.756862223148346
2.690000057220459,4.166401386260986,1.3057501316070557,-2.4253461360931396,0.15953104197978973,0.6456281542778015,-0.4011286795139313
2.700000047683716,4.418489933013916,0.8633688688278198,-4.456911087036133,0.29696527123451233,0.5218983888626099,-0.038167886435985565
2.7100000381469727,5.644334316253662,0.5275318026542664,-2.489192008972168,0.31289801001548767,0.05668201670050621,0.24994994699954987
2.7200000286102295,6.741232395172119,0.9034680128097534,-0.9479160904884338,0.42812982201576233,-0.12908922135829926,0.4357320964336395
2.7300000190734863,6.524260997772217,0.738508939743042,-0.8246604204177856,0.5992936491966248,0.2262037843465805,0.4732154905796051
2.740000009536743,5.752099990844727,0.5662811398506165,-1.7978031635284424,0.7878100872039795,0.7119986414909363,0.43256449699401855
2.75,6.223915100097656,0.9438971877098083,-3.3366782665252686,0.900810182094574,0.955289363861084,0.4206622838973999
2.759999990463257,7.231959819793701,1.4802494049072266,-4.984557151794434,0.8751160502433777,0.9664051532745361,0.3161347806453705
2.7699999809265137,7.088303089141846,1.0852621793746948,-4.858023643493652,0.6952831745147705,0.9797163605690002,0.07711856812238693
2.7799999713897705,6.642875671386719,0.6234082579612732,-4.330618858337402,0.5967959761619568,1.0745043754577637,-0.03704647719860077
2.7899999618530273,6.731991767883301,0.5950652956962585,-4.430559158325195,0.6112286448478699,1.1757805347442627,-0.026280242949724197
2.799999952316284,6.846358299255371,0.5819593071937561,-4.9542388916015625,0.6007245779037476,1.2075512409210205,-0.07405290007591248
2.809999942779541,6.976871013641357,0.4568673074245453,-4.786024570465088,0.5459285378456116,1.2148659229278564,-0.23209844529628754
2.819999933242798,6.820036888122559,0.3315334618091583,-4.295709133148193,0.5030602216720581,1.1665507555007935,-0.4329722821712494
2.8299999237060547,6.829153537750244,-0.376517117023468,-3.312145948410034,0.47687828540802,1.1433799266815186,-0.5998870730400085
2.8399999141693115,6.891455173492432,-1.3327513933181763,-2.150604009628296,0.4864320456981659,1.3227030038833618,-0.6334455609321594
2.8499999046325684,8.062785148620605,-3.1450493335723877,-2.578427314758301,0.5668456554412842,1.5685677528381348,-0.523085355758667
2.859999895095825,8.443763732910156,-2.434919834136963,-4.441031455993652,0.5994356274604797,1.5559155941009521,-0.3895469009876251
2.869999885559082,7.99951171875,-1.2710192203521729,-4.690187454223633,0.6130017638206482,1.2470699548721313,-0.22670987248420715
2.880000114440918,7.562403202056885,-1.8941848278045654,-5.639176368713379,0.725775957107544,0.9250296354293823,0.04218747094273567
2.890000104904175,6.773641109466553,-1.4348965883255005,-5.622324466705322,0.7289472818374634,0.4874114692211151,0.40453657507896423
2.9000000953674316,6.7838568687438965,-1.7052198648452759,-4.696362018585205,0.6554914116859436,-0.14940562844276428,0.7539167404174805
2.9100000858306885,7.573975086212158,-1.2251580953598022,-4.117280006408691,0.5719175338745117,-0.5980520844459534,1.0147531032562256
2.9200000762939453,8.565979957580566,-1.0248619318008423,-3.225372552871704,0.4887841045856476,-0.8721377849578857,1.1013489961624146
2.930000066757202,9.195472717285156,-1.2506935596466064,-3.0774085521698,0.43738874793052673,-0.8203709721565247,1.010642409324646
2.940000057220459,9.394432067871094,-1.8831150531768799,-3.2718217372894287,0.37990933656692505,-0.549187183380127,0.8555933237075806
2.950000047683716,9.518946647644043,-2.1388323307037354,-3.5807340145111084,0.32357683777809143,-0.3135533630847931,0.7303744554519653
2.9600000381469727,9.481962203979492,-2.230410575866699,-3.899387836456299,0.2645391523838043,-0.15243123471736908,0.6770312190055847
2.9700000286102295,9.21352481842041,-2.4124274253845215,-4.270984172821045,0.19262711703777313,0.013209299184381962,0.6914165019989014
2.9800000190734863,8.985393524169922,-2.3075335025787354,-4.379210948944092,0.06867160648107529,0.13782745599746704,0.7533014416694641
2.990000009536743,8.85522747039795,-2.1510167121887207,-4.185378551483154,-0.056609198451042175,0.19917351007461548,0.8382843732833862
3,8.760858535766602,-2.178941011428833,-3.3234763145446777,-0.1706358939409256,0.24494364857673645,0.870033323764801
3.009999990463257,8.890149116516113,-2.1576709747314453,-2.769775152206421,-0.20202800631523132,0.2552838921546936,0.8367406129837036
3.0199999809265137,9.117925643920898,-1.8886417150497437,-2.7684900760650635,-0.15896305441856384,0.29616063833236694,0.7493218779563904
3.0299999713897705,9.220565795898438,-1.893256664276123,-3.1500797271728516,-0.11798438429832458,0.3519033193588257,0.5879449248313904
3.0399999618530273,8.857281684875488,-2.431680917739868,-3.843764305114746,-0.08657770603895187,0.3564690351486206,0.4395368993282318
3.049999952316284,8.17850112915039,-1.8617042303085327,-4.201672554016113,-0.10836140066385269,0.27748632431030273,0.4047951102256775
3.059999942779541,8.312664031982422,-0.5852717161178589,-5.089913845062256,-0.15871912240982056,0.11757295578718185,0.4016275107860565
3.069999933242798,9.110204696655273,-1.5815987586975098,-5.121579170227051,-0.2136826068162918,-0.3045675456523895,0.20844696462154388
3.0799999237060547,9.806039810180664,-0.4399912655353546,-4.967816352844238,-0.24207822978496552,-0.6963135004043579,-0.010143633931875229
3.0899999141693115,9.899288177490234,-0.4142238199710846,-3.8023505210876465,-0.41545575857162476,-0.7443774938583374,-0.18255630135536194
3.0999999046325684,8.583057403564453,-0.8225425481796265,-4.297871112823486,-0.5630991458892822,-0.7432924509048462,-0.360623300075531
3.109999895095825,7.332525730133057,-0.8836014866828918,-4.359766483306885,-0.6061896085739136,-0.8187434673309326,-0.4454024136066437
3.119999885559082,6.741853713989258,-0.7552215456962585,-3.8752431869506836,-0.5489905476570129,-1.0106970071792603,-0.43279385566711426
3.130000114440918,6.480953693389893,-0.771573007106781,-3.757584571838379,-0.47900456190109253,-1.2307403087615967,-0.3893793821334839
3.140000104904175,6.215484619140625,-0.7112526893615723,-3.989889144897461,-0.3881414830684662,-1.4333546161651611,-0.2667091488838196
3.1500000953674316,5.95747709274292,-0.5526146292686462,-4.120571136474609,-0.33559557795524597,-1.4640586376190186,-0.3216835558414459
3.1600000858306885,6.788971900939941,-1.0291041135787964,-4.160614490509033,-0.4068012833595276,-1.3783692121505737,-0.5678651332855225
3.1700000762939453,7.332332134246826,-1.3671211004257202,-4.077451705932617,-0.447182834148407,-1.5787369012832642,-0.5622908473014832
3.180000066757202,7.913911819458008,-1.8112019300460815,-4.435940265655518,-0.3719029128551483,-1.7549216747283936,-0.4814876914024353
3.190000057220459,8.304413795471191,-1.7873104810714722,-4.396437644958496,-0.2672116160392761,-1.73249351978302,-0.5734540224075317
3.200000047683716,8.07627010345459,-1.2937341928482056,-4.259523868560791,-0.1576632559299469,-1.7586827278137207,-0.8246163129806519
3.2100000381469727,7.846374034881592,-1.0182925462722778,-4.002536296844482,-0.07141322642564774,-1.7427353858947754,-1.1075239181518555
3.2200000286102295,7.535923480987549,-1.2601749897003174,-4.390593528747559,-0.002453987719491124,-1.76252019405365,-1.345462441444397
3.2300000190734863,7.189447402954102,-1.4786429405212402,-4.0127644538879395,0.03707560524344444,-1.8465639352798462,-1.4912673234939575
3.240000009536743,7.139233112335205,-1.4798001050949097,-4.172163009643555,0.1058855727314949,-1.846520185470581,-1.4973293542861938
3.25,7.3591766357421875,-1.9467134475708008,-4.690924644470215,0.1605869084596634,-1.7589558362960815,-1.3451712131500244
3.259999990463257,8.052719116210938,-2.2785465717315674,-5.111576557159424,0.23204021155834198,-1.5653529167175293,-1.1171469688415527
3.2699999809265137,9.320236206054688,-2.4362926483154297,-5.243210315704346,0.41544845700263977,-1.321472406387329,-1.0064407587051392
3.2799999713897705,10.446247100830078,-2.218275547027588,-5.635820388793945,0.6595146656036377,-1.276106357574463,-1.0858021974563599
3.2899999618530273,11.038788795471191,-1.4033831357955933,-6.214719295501709,0.8722652196884155,-1.3160837888717651,-1.2932151556015015
3.299999952316284,11.4194974899292,-0.43089228868484497,-6.557468414306641,1.0197374820709229,-1.280832290649414,-1.5378893613815308
3.309999942779541,11.462370872497559,0.34434857964515686,-7.209726333618164,1.1313902139663696,-1.188159704208374,-1.7562505006790161
3.319999933242798,11.41566276550293,0.5007511377334595,-7.922203540802002,1.196471929550171,-1.0179424285888672,-1.8948899507522583
3.3299999237060547,11.576449394226074,0.44834020733833313,-8.32952880859375,1.2676376104354858,-0.8156960606575012,-1.9230817556381226
3.3399999141693115,11.596789360046387,1.7408201694488525,-9.366418838500977,1.4716607332229614,-0.4599151611328125,-1.7699732780456543
3.3499999046325684,11.62696647644043,3.606590747833252,-11.349747657775879,1.5224663019180298,-0.09355737268924713,-1.678960919380188
3.359999895095825,11.880767822265625,3.932325601577759,-12.489601135253906,1.4484461545944214,0.05526205524802208,-1.7062314748764038
3.369999885559082,13.059552192687988,5.747695446014404,-13.73473072052002,1.1315468549728394,0.4373232126235962,-1.79473876953125
3.380000114440918,15.129475593566895,5.607248783111572,-13.616314888000488,0.6782472729682922,0.646090567111969,-1.8569222688674927
3.390000104904175,16.5531005859375,4.768442153930664,-13.114916801452637,0.34456318616867065,0.7079936861991882,-1.8381860256195068
3.4000000953674316,17.479961395263672,3.9247100353240967,-12.589919090270996,0.2522801458835602,0.6859223246574402,-1.6670112609863281
3.4100000858306885,18.076841354370117,3.085073471069336,-12.696385383605957,0.4426753520965576,0.8996231555938721,-1.4954397678375244
3.4200000762939453,18.45028305053711,2.401777505874634,-13.236052513122559,0.7448216676712036,1.25175940990448,-1.460952877998352
3.430000066757202,18.156055450439453,2.5341906547546387,-13.713212013244629,0.9157597422599792,1.2564016580581665,-1.4943839311599731
3.440000057220459,18.502532958984375,3.1462111473083496,-14.126303672790527,1.0120806694030762,1.0193989276885986,-1.5509603023529053
3.450000047683716,18.846921920776367,3.8739795684814453,-14.787324905395508,0.9995011687278748,0.725153386592865,-1.7570843696594238
3.4600000381469727,18.793378829956055,4.379079818725586,-15.09266471862793,0.7529008984565735,0.4291419982910156,-2.062030553817749
3.4700000286102295,18.848989486694336,4.581183910369873,-15.360617637634277,0.35129526257514954,0.2822049558162689,-2.399308443069458
3.4800000190734863,18.98497772216797,3.845822811126709,-15.827157974243164,-0.09111430495977402,0.2773188352584839,-2.7302908897399902
3.490000009536743,19.062875747680664,2.8671939373016357,-16.422157287597656,-0.43702825903892517,0.3469916880130768,-2.988396406173706
3.5,18.691062927246094,2.6131598949432373,-16.731569290161133,-0.707105278968811,0.43947499990463257,-3.123729705810547
3.509999990463257,18.0557918548584,2.7968528270721436,-17.710796356201172,-1.0634286403656006,0.5339462161064148,-3.1452476978302
3.5199999809265137,17.48320198059082,3.200406312942505,-18.914501190185547,-1.5489615201950073,0.6262511014938354,-3.2005605697631836
3.5299999713897705,17.64898109436035,3.60780668258667,-20.096555709838867,-2.1657025814056396,0.5978627800941467,-3.2983269691467285
3.5399999618530273,17.92806053161621,3.90647292137146,-20.90791893005371,-2.9223244190216064,0.4449400305747986,-3.370115280151367
3.549999952316284,17.2819766998291,3.665097236633301,-21.486888885498047,-3.7905189990997314,0.10139993578195572,-3.2252132892608643
3.559999942779541,16.33180046081543,3.8197412490844727,-22.19793128967285,-4.818638324737549,-0.5067084431648254,-2.6048898696899414
3.569999933242798,15.921477317810059,3.8277390003204346,-22.156583786010742,-6.121374130249023,-1.1684404611587524,-1.585938811302185
3.5799999237060547,14.921974182128906,4.5502424240112305,-22.953277587890625,-7.608304977416992,-2.0676376819610596,-0.31885093450546265
3.5899999141693115,8.050687789916992,5.159925937652588,-25.69965934753418,-9.102295875549316,-3.7180755138397217,1.0229160785675049
3.5999999046325684,-0.8899992108345032,3.125077962875366,-26.703205108642578,-10.623702049255371,-6.942782878875732,2.786743402481079
3.609999895095825,-1.200981616973877,-2.7898569107055664,-29.673828125,-12.042922973632812,-12.14094066619873,5.572845935821533
3.619999885559082,2.4581518173217773,-14.691689491271973,-25.138164520263672,-13.151764869689941,-17.607580184936523,9.269699096679688
3.630000114440918,18.01617431640625,-32.887691497802734,-20.16114044189453,-14.029458999633789,-22.31604766845703,14.078170776367188
3.640000104904175,20.49477767944336,-32.6187858581543,-18.47235107421875,-12.800142288208008,-27.00807762145996,17.990671157836914
3.6500000953674316,16.770082473754883,-31.30268096923828,-17.615041732788086,-9.8049955368042,-30.413440704345703,19.920358657836914
3.6600000858306885,22.360063552856445,-26.387847900390625,-8.792983055114746,-5.057191371917725,-33.63899612426758,21.754621505737305
3.6700000762939453,19.605527877807617,-22.27239227294922,-9.519301414489746,1.5108226537704468,-34.18578338623047,22.20035743713379
3.680000066757202,16.487607955932617,-19.282512664794922,-9.92469596862793,8.08718204498291,-33.44979476928711,21.534536361694336
3.690000057220459,11.929970741271973,-17.517366409301758,-10.519184112548828,14.037294387817383,-31.831727981567383,19.955209732055664
3.700000047683716,7.64190673828125,-17.012592315673828,-10.202475547790527,19.219161987304688,-29.542049407958984,17.607418060302734
3.7100000381469727,4.465942859649658,-17.019784927368164,-9.616802215576172,23.220108032226562,-27.081262588500977,14.87337589263916
3.7200000286102295,1.57228684425354,-17.608070373535156,-9.42278003692627,26.175142288208008,-24.73294448852539,11.962983131408691
3.7300000190734863,-0.6730862259864807,-18.15021514892578,-8.954948425292969,28.28621482849121,-22.725900650024414,9.042304039001465
3.740000009536743,-2.350782632827759,-18.479429244995117,-8.431326866149902,29.676040649414062,-21.18608856201172,6.14180326461792
3.75,-3.608556032180786,-18.370922088623047,-7.976261138916016,30.450239181518555,-20.19481086730957,3.2845680713653564
3.759999990463257,-4.527341365814209,-17.71149444580078,-7.446698188781738,30.72631072998047,-19.792367935180664,0.4592270255088806
3.7699999809265137,-4.960129261016846,-16.413908004760742,-6.804393768310547,30.499164581298828,-20.01428985595703,-2.433929920196533
3.7799999713897705,-4.879247188568115,-14.508956909179688,-6.107787132263184,29.71271514892578,-20.85802459716797,-5.352842807769775
3.7899999618530273,-4.091174602508545,-12.047418594360352,-5.4045233726501465,28.33494758605957,-22.24920654296875,-8.27698802947998
3.799999952316284,-2.2568347454071045,-9.250842094421387,-4.5370378494262695,26.25364875793457,-24.075746536254883,-11.229342460632324
3.809999942779541,0.6750403642654419,-6.604750633239746,-3.8072431087493896,23.338876724243164,-26.21038818359375,-14.153523445129395
3.819999933242798,5.29088830947876,-4.539984226226807,-3.2371985912323,19.490346908569336,-28.45417022705078,-16.909311294555664
3.8299999237060547,10.635035514831543,-3.9376614093780518,-2.7242586612701416,14.672741889953613,-30.53897476196289,-19.30868148803711
3.8399999141693115,16.760570526123047,-5.310476303100586,-2.6650898456573486,8.899626731872559,-32.154571533203125,-21.129453659057617
3.8499999046325684,21.906009674072266,-8.872499465942383,-3.2843782901763916,2.3549396991729736,-32.94153594970703,-22.058252334594727
3.859999895095825,25.546607971191406,-13.998551368713379,-4.041412830352783,-4.193992614746094,-32.73350143432617,-21.959636688232422
3.869999885559082,27.318687438964844,-19.818645477294922,-5.000058650970459,-10.382741928100586,-31.63601303100586,-20.914791107177734
3.880000114440918,26.86449432373047,-25.483654022216797,-5.8116960525512695,-15.84893798828125,-29.814796447753906,-19.059303283691406
3.890000104904175,25.236230850219727,-30.255964279174805,-6.6090545654296875,-20.41265869140625,-27.607620239257812,-16.67181396484375
3.9000000953674316,22.793746948242188,-33.863433837890625,-7.028662204742432,-23.995132446289062,-25.313335418701172,-13.958066940307617
3.9100000858306885,20.098291397094727,-36.504981994628906,-7.423949718475342,-26.642427444458008,-23.183942794799805,-11.095708847045898
3.9200000762939453,17.574234008789062,-38.17564010620117,-7.613666534423828,-28.556909561157227,-21.377565383911133,-8.130207061767578
3.930000066757202,15.895966529846191,-38.77342224121094,-7.435628890991211,-29.692007064819336,-20.134912490844727,-5.296961784362793
3.940000057220459,14.64469051361084,-38.77342224121094,-7.327519416809082,-30.293827056884766,-19.435585021972656,-2.504265308380127
3.950000047683716,13.901658058166504,-38.77342224121094,-7.224008083343506,-30.396364212036133,-19.308368682861328,0.259642094373703
3.9600000381469727,13.891225814819336,-38.77342224121094,-7.07081937789917,-30.021820068359375,-19.76175880432129,3.0347490310668945
3.9700000286102295,14.526449203491211,-38.77342224121094,-6.957837104797363,-29.13459587097168,-20.77411651611328,5.843152046203613
3.9800000190734863,15.785768508911133,-38.77342224121094,-6.862212181091309,-27.671018600463867,-22.31659698486328,8.708365440368652
3.990000009536743,17.309429168701172,-38.77342224121094,-6.9330339431762695,-25.407121658325195,-24.3502140045166,11.66283893585205
4,19.3021183013916,-37.80427169799805,-7.002058982849121,-22.336050033569336,-26.633455276489258,14.523955345153809
4.010000228881836,21.056537628173828,-35.062808990478516,-7.400940418243408,-18.332551956176758,-28.963069915771484,17.168367385864258
4.019999980926514,22.05577278137207,-31.36170768737793,-7.868777751922607,-13.397727966308594,-31.047061920166016,19.402992248535156
4.03000020980835,21.80447769165039,-27.090993881225586,-8.487883567810059,-7.661044120788574,-32.5803337097168,20.993759155273438
4.039999961853027,20.17496681213379,-23.009727478027344,-9.051294326782227,-1.3615809679031372,-33.291175842285156,21.755216598510742
4.050000190734863,17.173748016357422,-19.54785919189453,-9.595479011535645,5.051934242248535,-33.05033493041992,21.556716918945312
4.059999942779541,13.36336898803711,-17.386695861816406,-9.668129920959473,11.188258171081543,-31.83152198791504,20.387784957885742
4.070000171661377,9.212730407714844,-16.274105072021484,-9.811959266662598,16.512027740478516,-29.8862247467041,18.43832778930664
4.079999923706055,5.798896789550781,-16.258907318115234,-9.618471145629883,20.83014678955078,-27.632387161254883,16.029151916503906
4.090000152587891,2.749552011489868,-16.64009666442871,-9.447638511657715,24.186185836791992,-25.309303283691406,13.33355712890625
4.099999904632568,0.35509583353996277,-17.228694915771484,-8.926639556884766,26.664188385009766,-23.180469512939453,10.536845207214355
4.110000133514404,-1.2961705923080444,-17.720687866210938,-8.427276611328125,28.39259910583496,-21.40427017211914,7.751098155975342
4.119999885559082,-2.755676746368408,-17.915630340576172,-7.793328285217285,29.492002487182617,-20.102874755859375,4.995029926300049
4.130000114440918,-3.8576669692993164,-17.67146110534668,-7.4794135093688965,30.07710838317871,-19.33149528503418,2.2517340183258057
4.139999866485596,-4.621364593505859,-16.956018447875977,-6.880101680755615,30.14700698852539,-19.1541690826416,-0.5184140205383301
4.150000095367432,-4.927918910980225,-15.594202041625977,-6.243703842163086,29.745161056518555,-19.55634880065918,-3.2145090103149414
4.159999847412109,-4.78146505355835,-13.631871223449707,-5.445822715759277,28.856201171875,-20.498580932617188,-5.945382118225098
4.170000076293945,-3.8609659671783447,-11.26563549041748,-4.7165727615356445,27.40163803100586,-21.94719886779785,-8.733735084533691
4.179999828338623,-1.9211095571517944,-8.585298538208008,-3.946218729019165,25.274751663208008,-23.799762725830078,-11.545648574829102
4.190000057220459,1.0402026176452637,-5.969420433044434,-3.1747195720672607,22.35089874267578,-25.927597045898438,-14.3294677734375
4.199999809265137,5.448530197143555,-4.149170875549316,-2.6497089862823486,18.513673782348633,-28.158977508544922,-16.948688507080078
4.210000038146973,10.809964179992676,-3.7263050079345703,-2.312220573425293,13.550985336303711,-30.22714614868164,-19.24846839904785
4.21999979019165,16.35755729675293,-5.172736167907715,-2.3611550331115723,7.926052570343018,-31.671955108642578,-20.835819244384766
4.230000019073486,21.266136169433594,-8.607954978942871,-2.777954578399658,1.7750996351242065,-32.31210708618164,-21.601139068603516
4.239999771118164,24.60899543762207,-13.449368476867676,-3.588469982147217,-4.499670505523682,-32.038516998291016,-21.442842483520508
4.25,26.036251068115234,-18.95891571044922,-4.484822750091553,-10.399978637695312,-30.876018524169922,-20.384340286254883
4.260000228881836,25.66924476623535,-24.137046813964844,-5.212308406829834,-15.607067108154297,-29.06520652770996,-18.607627868652344
4.269999980926514,23.96379852294922,-28.548921585083008,-5.857248306274414,-19.937339782714844,-26.883686065673828,-16.323915481567383
4.28000020980835,21.774070739746094,-32.034873962402344,-6.356133937835693,-23.447254180908203,-24.564556121826172,-13.65286636352539
4.289999961853027,19.389541625976562,-34.382022857666016,-6.67051887512207,-25.943988800048828,-22.493335723876953,-10.934011459350586
4.300000190734863,17.18244171142578,-36.07317352294922,-6.772706031799316,-27.714956283569336,-20.776609420776367,-8.231006622314453
4.309999942779541,15.575878143310547,-37.258392333984375,-6.78379487991333,-28.85847282409668,-19.495704650878906,-5.563736438751221
4.320000171661377,39.07233810424805,14.613365173339844,28.07337760925293,-24.965160369873047,-19.3779354095459,-0.17200127243995667
4.329999923706055,39.34791946411133,5.899263858795166,38.332889556884766,-9.287582397460938,-16.52739906311035,10.268911361694336
4.340000152587891,31.475900650024414,-10.963471412658691,12.36268138885498,-0.024601785466074944,-3.1886038780212402,7.5890655517578125
4.349999904632568,7.3282880783081055,-22.079639434814453,-21.814067840576172,3.0400683879852295,-1.4479765892028809,2.7039523124694824
4.360000133514404,12.796976089477539,-23.046804428100586,-11.150409698486328,0.8993937969207764,-5.017978668212891,1.7118092775344849
4.369999885559082,12.499347686767578,-11.239988327026367,-4.841413497924805,1.235655665397644,-7.211174011230469,0.9237516522407532
4.380000114440918,11.382792472839355,-6.229752540588379,-9.203948020935059,2.8156087398529053,-4.251803398132324,0.19192805886268616
4.389999866485596,11.911031723022461,-3.5343852043151855,-7.724346160888672,3.0543298721313477,-1.4663195610046387,-0.001678468775935471
4.400000095367432,13.044376373291016,-3.031219720840454,-5.697021007537842,2.6376945972442627,-0.9716699123382568,0.2431013435125351
4.409999847412109,14.042192459106445,-2.1727607250213623,-3.892672538757324,1.9442791938781738,-0.8918934464454651,1.1274762153625488
4.420000076293945,12.669181823730469,-3.2390592098236084,-2.0454299449920654,1.6657187938690186,-1.1248767375946045,1.7648214101791382
4.429999828338623,13.158008575439453,-3.3576571941375732,-0.4987434148788452,1.8669021129608154,-2.0863263607025146,1.9180972576141357
4.440000057220459,12.153331756591797,-4.773836612701416,-2.470643997192383,2.385887861251831,-2.219111204147339,2.199282646179199
4.449999809265137,11.815728187561035,-3.866199016571045,-4.431863307952881,2.8154995441436768,-1.9560248851776123,2.424696445465088
4.460000038146973,12.54473876953125,-3.2195801734924316,-5.888942718505859,2.943904161453247,-2.05204701423645,2.6929092407226562
4.46999979019165,12.728719711303711,-3.2753899097442627,-8.01712703704834,3.0450599193573,-2.2993063926696777,2.984769821166992
4.480000019073486,12.292141914367676,-3.184256076812744,-9.540164947509766,3.0927019119262695,-2.497689962387085,3.1492199897766113
4.489999771118164,11.956632614135742,-3.5417914390563965,-9.879094123840332,3.046236038208008,-2.6142067909240723,3.2319891452789307
4.5,12.640519142150879,-4.066377639770508,-10.42773723602295,2.978074312210083,-2.7446506023406982,3.3219785690307617
4.510000228881836,13.588321685791016,-4.40620231628418,-8.93399715423584,2.981748104095459,-2.7839252948760986,3.3528318405151367
4.519999980926514,14.367409706115723,-4.978636741638184,-7.796401500701904,2.976752519607544,-2.5863282680511475,3.361795663833618
4.53000020980835,15.611903190612793,-5.35922384262085,-6.845647811889648,2.9546122550964355,-2.368950128555298,3.428596019744873
4.539999961853027,16.303308486938477,-5.097195148468018,-6.771782875061035,2.9502174854278564,-2.11396861076355,3.496440887451172
4.550000190734863,16.266332626342773,-4.886986255645752,-7.724391937255859,2.913123607635498,-1.7371721267700195,3.4990406036376953
4.559999942779541,16.066938400268555,-4.935906887054443,-9.152972221374512,2.770512104034424,-1.3468388319015503,3.469177722930908
4.570000171661377,15.994714736938477,-5.516080856323242,-9.74155044555664,2.456350564956665,-1.0817790031433105,3.500387668609619
4.579999923706055,16.237998962402344,-6.288333892822266,-9.493637084960938,2.1543972492218018,-0.8343740105628967,3.6083195209503174
4.590000152587891,17.41849136352539,-6.745582580566406,-8.499234199523926,1.9978883266448975,-0.4089166522026062,3.7330470085144043
4.599999904632568,17.695568084716797,-7.059460163116455,-7.318964958190918,2.0359323024749756,0.1583404690027237,3.6521379947662354
4.610000133514404,17.60759925842285,-7.834629058837891,-6.063409328460693,2.2122080326080322,0.6985454559326172,3.3144562244415283
4.619999885559082,17.307506561279297,-7.809057712554932,-5.414588451385498,2.299571990966797,1.3685351610183716,2.878556728363037
4.630000114440918,16.887916564941406,-7.697908401489258,-5.681829452514648,2.1574811935424805,1.9253134727478027,2.4023375511169434
4.639999866485596,15.331560134887695,-9.23105525970459,-4.534428596496582,1.6972565650939941,2.111259698867798,1.9963407516479492
4.650000095367432,14.857439994812012,-10.043855667114258,-3.5463390350341797,1.394167184829712,1.8721814155578613,1.877155065536499
4.659999847412109,14.220170974731445,-9.084248542785645,-2.4829983711242676,1.4033241271972656,1.5619231462478638,1.7698677778244019
4.670000076293945,13.898761749267578,-8.003016471862793,-1.6500444412231445,1.4252861738204956,1.5928019285202026,1.5444940328598022
4.679999828338623,12.898412704467773,-7.988681793212891,-1.0469751358032227,1.365753412246704,1.8517776727676392,1.2345197200775146
4.690000057220459,11.258681297302246,-8.384339332580566,-0.8516225814819336,1.3273051977157593,2.096160650253296,1.0259488821029663
4.699999809265137,10.492140769958496,-8.031288146972656,0.1556541621685028,1.416460633277893,2.217341899871826,0.9716116786003113
4.710000038146973,10.605552673339844,-7.333846092224121,0.3615085184574127,1.6340209245681763,2.4523491859436035,0.832531750202179
4.71999979019165,10.047656059265137,-8.441298484802246,-0.17956118285655975,1.7747865915298462,2.7493655681610107,0.41824108362197876
4.730000019073486,10.144292831420898,-9.401700973510742,-0.009419390000402927,1.7466057538986206,2.7796218395233154,0.13156141340732574
4.739999771118164,10.407285690307617,-9.536925315856934,0.1927756518125534,1.5679562091827393,2.800618886947632,-0.0351095013320446
4.75,10.0748929977417,-10.07258415222168,0.39780163764953613,1.2708779573440552,2.965407609939575,-0.240862175822258
4.760000228881836,8.981468200683594,-10.294504165649414,1.5398271083831787,1.1200560331344604,3.315592050552368,-0.5112268328666687
4.769999980926514,8.485889434814453,-9.894047737121582,2.7429392337799072,1.3130946159362793,3.9961986541748047,-0.8232255578041077
4.78000020980835,6.755798816680908,-7.890269756317139,2.304062843322754,1.4942818880081177,4.836085319519043,-1.1252989768981934
4.789999961853027,6.5407304763793945,-6.94024133682251,3.7208797931671143,1.342677116394043,4.4627766609191895,-0.9727476835250854
4.800000190734863,5.785404205322266,-6.246022701263428,2.6649227142333984,1.6263858079910278,3.815211772918701,-0.4993973970413208
4.809999942779541,5.476049900054932,-6.044003963470459,2.1912341117858887,1.7175073623657227,3.077275037765503,-0.05084560811519623
4.820000171661377,6.373142242431641,-6.230520248413086,1.789596438407898,1.6077405214309692,2.6288254261016846,0.2987493574619293
4.829999923706055,6.686488628387451,-6.752511978149414,1.7091046571731567,1.330891489982605,2.597349166870117,0.520209014415741
4.840000152587891,6.914769649505615,-7.8199872970581055,2.6466197967529297,1.0018386840820312,2.7132256031036377,0.7117365598678589
4.849999904632568,7.166057109832764,-8.923795700073242,4.778225421905518,0.9216835498809814,2.782567262649536,0.8801186680793762
4.860000133514404,7.1115617752075195,-9.027624130249023,4.897046089172363,1.2043108940124512,2.9034171104431152,1.120376467704773
4.869999885559082,7.35690450668335,-8.445319175720215,4.712113380432129,1.5717536211013794,3.1348164081573486,1.4954688549041748
4.880000114440918,7.492064952850342,-7.9529523849487305,2.962928533554077,1.8743151426315308,3.5915238857269287,1.9593745470046997
4.889999866485596,7.146855354309082,-8.123705863952637,1.6448709964752197,1.9092788696289062,3.7471227645874023,2.3945093154907227
4.900000095367432,6.46806526184082,-7.797285079956055,2.3418822288513184,1.703282356262207,3.5218074321746826,2.6175127029418945
4.909999847412109,5.379548072814941,-8.257668495178223,4.050139427185059,1.39732027053833,3.2870147228240967,2.5406672954559326
4.920000076293945,4.6428680419921875,-9.080175399780273,5.580319404602051,1.2350585460662842,2.9752306938171387,2.355252981185913
4.929999828338623,4.151376247406006,-9.057595252990723,6.934696674346924,1.2992372512817383,2.5786385536193848,2.133352756500244
4.940000057220459,3.707852840423584,-9.292770385742188,6.998587608337402,1.5490998029708862,2.1221096515655518,1.8272596597671509
4.949999809265137,3.3824946880340576,-10.335187911987305,7.269268989562988,1.773424744606018,1.5525877475738525,1.5981212854385376
4.960000038146973,4.279114246368408,-11.380823135375977,7.884021282196045,1.981147289276123,1.0637236833572388,1.5220768451690674
4.96999979019165,5.404150009155273,-11.161760330200195,7.862720966339111,2.1447670459747314,0.9163350462913513,1.55487060546875
4.980000019073486,6.213846206665039,-10.200061798095703,7.469334602355957,2.1813511848449707,0.9697583913803101,1.5985691547393799
4.989999771118164,6.827377796173096,-8.850781440734863,7.645920753479004,2.0229742527008057,1.0491597652435303,1.5682474374771118
5,7.249870777130127,-8.496495246887207,8.173057556152344,1.6493563652038574,1.1733884811401367,1.3254737854003906
5.010000228881836,7.130687713623047,-9.24206256866455,8.425101280212402,1.2811890840530396,1.220152497291565,0.8921192288398743
5.019999980926514,7.045393466949463,-9.839081764221191,8.175641059875488,1.0255374908447266,0.8884018063545227,0.4768891930580139
5.03000020980835,7.512103080749512,-10.06580924987793,8.014670372009277,0.8231162428855896,0.17850394546985626,0.06688390672206879
5.039999961853027,7.970649242401123,-11.013427734375,8.888952255249023,0.6631701588630676,-0.6812947392463684,-0.3758460581302643
5.050000190734863,8.807625770568848,-11.915797233581543,10.459747314453125,0.5535672307014465,-1.4884308576583862,-0.8380149602890015
5.059999942779541,9.206962585449219,-13.15112590789795,12.118095397949219,0.5117437839508057,-1.9268718957901,-1.278931736946106
5.070000171661377,9.926020622253418,-14.216836929321289,13.006857872009277,0.5952303409576416,-2.0893266201019287,-1.7131091356277466
5.079999923706055,11.444178581237793,-15.125472068786621,13.286629676818848,0.7308259010314941,-2.1481313705444336,-2.205148458480835
5.090000152587891,11.882852554321289,-16.104331970214844,13.958635330200195,0.8827401399612427,-2.1620688438415527,-2.7540879249572754
5.099999904632568,13.00191593170166,-17.13030433654785,14.198042869567871,1.0695090293884277,-2.00539231300354,-3.280857801437378
5.110000133514404,13.452773094177246,-17.584665298461914,13.500751495361328,1.3229360580444336,-1.9371429681777954,-3.8113670349121094
5.119999885559082,13.341361045837402,-17.888097763061523,12.824809074401855,1.5293731689453125,-1.946256160736084,-4.377760887145996
5.130000114440918,12.653154373168945,-17.274898529052734,11.83779525756836,1.4069068431854248,-1.7758569717407227,-4.933468818664551
5.139999866485596,11.659475326538086,-16.6981143951416,10.577048301696777,1.2294878959655762,-1.6328083276748657,-5.291237831115723
5.150000095367432,11.418551445007324,-16.71009063720703,9.92810344696045,1.074027419090271,-1.5639729499816895,-5.459743976593018
5.159999847412109,11.697369575500488,-16.920734405517578,9.507536888122559,0.78593510389328,-1.2770822048187256,-5.556224822998047
5.170000076293945,12.471920013427734,-17.224225997924805,9.617952346801758,0.3082995116710663,-0.9195536375045776,-5.667761325836182
5.179999828338623,13.615571975708008,-17.148014068603516,9.873034477233887,-0.3387085795402527,-0.9557663202285767,-5.921352386474609
5.190000057220459,15.70036506652832,-17.529111862182617,8.716658592224121,-1.202410340309143,-1.3163678646087646,-6.419577598571777
5.199999809265137,17.43729019165039,-17.641664505004883,8.869514465332031,-2.409346103668213,-2.076667070388794,-7.091973781585693
5.210000038146973,20.514667510986328,-18.32383155822754,6.951796531677246,-3.9976115226745605,-3.2008118629455566,-7.78330659866333
5.21999979019165,24.932376861572266,-17.744840621948242,2.3992116451263428,-6.259558200836182,-4.798772811889648,-8.720722198486328
5.230000019073486,24.49538230895996,-18.52411651611328,-2.095557928085327,-9.77465534210205,-5.014767646789551,-9.76762866973877
5.239999771118164,19.833389282226562,-19.68980598449707,-6.250516891479492,-14.167820930480957,-2.5441482067108154,-10.570836067199707
5.25,15.659573554992676,-20.13640785217285,-10.161887168884277,-18.637704849243164,1.5744224786758423,-11.23217487335205
5.260000228881836,10.836867332458496,-22.866397857666016,-12.122267723083496,-22.53373146057129,5.93412446975708,-12.109256744384766
5.269999980926514,7.608569145202637,-27.111251831054688,-10.688404083251953,-25.814430236816406,9.05138111114502,-13.463111877441406
5.28000020980835,5.716274261474609,-28.064529418945312,-11.390222549438477,-27.69677734375,10.607853889465332,-15.334736824035645
5.289999961853027,6.004411697387695,-28.064990997314453,-8.049982070922852,-27.32071876525879,12.842973709106445,-17.078567504882812
5.300000190734863,7.440511226654053,-26.47317886352539,-8.322559356689453,-25.107328414916992,16.137678146362305,-18.803194046020508
5.309999942779541,9.65789794921875,-25.314382553100586,-8.376686096191406,-22.08868408203125,19.367481231689453,-20.654067993164062
5.320000171661377,12.320758819580078,-25.091205596923828,-8.24282455444336,-18.188701629638672,22.39904022216797,-22.50008201599121
5.329999923706055,15.10154914855957,-25.925079345703125,-8.008745193481445,-13.414673805236816,24.963850021362305,-24.135387420654297
5.340000152587891,17.525314331054688,-27.95138931274414,-7.509369850158691,-7.867186069488525,26.769824981689453,-25.304975509643555
5.349999904632568,18.844276428222656,-30.90125274658203,-6.862121105194092,-1.7859060764312744,27.571273803710938,-25.825199127197266
5.360000133514404,18.9381046295166,-34.21841812133789,-6.051097393035889,4.4722981452941895,27.258207321166992,-25.607744216918945
5.369999885559082,17.96034812927246,-37.134151458740234,-5.676809787750244,10.472683906555176,25.798919677734375,-24.63227653503418
5.380000114440918,15.586862564086914,-38.77342224121094,-4.748577117919922,15.59736442565918,23.536436080932617,-23.10843849182129
5.389999866485596,12.682217597961426,-38.77342224121094,-4.603642463684082,19.879568099975586,20.689212799072266,-21.267995834350586
5.400000095367432,9.783538818359375,-38.77342224121094,-4.248095512390137,23.272790908813477,17.555519104003906,-19.348098754882812
5.409999847412109,7.0320258140563965,-38.77342224121094,-4.045098304748535,25.827014923095703,14.328790664672852,-17.540063858032227
5.420000076293945,4.593428611755371,-38.77342224121094,-3.9888973236083984,27.676860809326172,11.134689331054688,-15.973417282104492
5.429999828338623,2.432312488555908,-38.618431091308594,-3.929513454437256,28.967424392700195,8.057941436767578,-14.742549896240234
5.440000057220459,0.6691312789916992,-37.2109260559082,-3.84606671333313,29.77144432067871,4.954892635345459,-13.830467224121094
5.449999809265137,-0.8300318121910095,-35.305763244628906,-3.7282707691192627,30.165517807006836,2.052098035812378,-13.373552322387695
5.460000038146973,-2.048696756362915,-33.118736267089844,-3.5519907474517822,30.184375762939453,-0.8142542243003845,-13.311739921569824
5.46999979019165,-3.031040668487549,-30.61809730529785,-3.249079704284668,29.882551193237305,-3.6867778301239014,-13.645828247070312
5.480000019073486,-3.6050961017608643,-27.79207992553711,-2.895737648010254,29.195594787597656,-6.5994391441345215,-14.374167442321777
5.489999771118164,-3.628131628036499,-24.669408798217773,-2.4634592533111572,28.060800552368164,-9.57575798034668,-15.449845314025879
5.5,-2.8877944946289062,-21.322084426879883,-1.9379138946533203,26.423133850097656,-12.624903678894043,-16.87727165222168
5.510000228881836,-1.2608144283294678,-17.880367279052734,-1.4403287172317505,24.047605514526367,-15.809083938598633,-18.625829696655273
5.519999980926514,1.4699084758758545,-14.833979606628418,-0.9726473689079285,20.911710739135742,-18.848892211914062,-20.512672424316406
5.53000020980835,5.412966728210449,-12.579963684082031,-0.6167807579040527,16.952009201049805,-21.6169376373291,-22.345796585083008
5.539999961853027,10.168270111083984,-11.746696472167969,-0.4875110685825348,12.16358757019043,-23.89115333557129,-23.925647735595703
5.550000190734863,15.020773887634277,-12.611215591430664,-0.734237551689148,6.691252708435059,-25.43216323852539,-25.065948486328125
5.559999942779541,19.2935733795166,-15.282085418701172,-1.4458991289138794,0.7604449391365051,-26.020057678222656,-25.56252098083496
5.570000171661377,22.19672966003418,-19.323612213134766,-1.9641225337982178,-5.231380939483643,-25.57066535949707,-25.343198776245117
5.579999923706055,23.210784912109375,-23.7991943359375,-3.0029892921447754,-10.954032897949219,-24.152402877807617,-24.461069107055664
5.590000152587891,22.507699966430664,-27.998228073120117,-3.998880624771118,-15.948393821716309,-21.886829376220703,-23.013853073120117
5.599999904632568,20.82546043395996,-31.543495178222656,-4.695219993591309,-20.01311492919922,-19.12571144104004,-21.312585830688477
5.610000133514404,18.502973556518555,-33.940673828125,-5.232353210449219,-23.23720359802246,-16.09884262084961,-19.537025451660156
5.619999885559082,15.718594551086426,-35.33993148803711,-5.632699012756348,-25.66790008544922,-12.991079330444336,-17.865747451782227
5.630000114440918,13.096858978271484,-35.87266159057617,-6.17445707321167,-27.416934967041016,-9.901851654052734,-16.43387222290039
5.639999866485596,10.876497268676758,-35.73442459106445,-6.383742332458496,-28.60920524597168,-6.877293586730957,-15.304553031921387
5.650000095367432,8.911645889282227,-35.13950729370117,-6.5060715675354,-29.36617660522461,-3.9068832397460938,-14.540452003479004
5.659999847412109,7.314286708831787,-34.12571334838867,-6.608121871948242,-29.68946075439453,-0.9351805448532104,-14.141905784606934
5.670000076293945,6.25185489654541,-32.78841018676758,-6.7903923988342285,-29.66534996032715,1.9391855001449585,-14.172456741333008
5.679999828338623,5.555881977081299,-31.26935386657715,-6.894758224487305,-29.274751663208008,4.830478191375732,-14.567941665649414
5.690000057220459,5.392899513244629,-29.52369499206543,-6.951685905456543,-28.49772834777832,7.782374382019043,-15.332642555236816
5.699999809265137,5.772374629974365,-27.836040496826172,-7.22129487991333,-27.261581420898438,10.796541213989258,-16.452632904052734
5.710000038146973,6.7173662185668945,-26.189739227294922,-7.192461013793945,-25.48147201538086,13.905521392822266,-17.878921508789062
5.71999979019165,8.493173599243164,-24.934341430664062,-7.472857475280762,-23.04289436340332,17.021764755249023,-19.537511825561523
5.730000019073486,10.606754302978516,-24.294349670410156,-7.4323577880859375,-19.65666961669922,20.127771377563477,-21.36487579345703
5.739999771118164,13.150388717651367,-24.493358612060547,-7.2189106941223145,-15.54086685180664,22.79973793029785,-23.030845642089844
5.75,15.590368270874023,-25.744211196899414,-6.9260711669921875,-10.653463363647461,24.920406341552734,-24.392080307006836
5.760000228881836,17.41538429260254,-28.051183700561523,-6.393754959106445,-5.139531135559082,26.224157333374023,-25.2476806640625
5.769999980926514,18.20817756652832,-31.005699157714844,-5.850770473480225,0.7286195755004883,26.568132400512695,-25.45821189880371
5.78000020980835,17.878812789916992,-34.04401779174805,-5.148573875427246,6.536684036254883,25.868579864501953,-24.979785919189453
5.789999961853027,16.44738006591797,-36.71904754638672,-4.350726127624512,11.892107963562012,24.253803253173828,-23.89461326599121
5.800000190734863,13.898197174072266,-38.40694808959961,-4.086205005645752,16.683483123779297,21.79605484008789,-22.306791305541992
5.809999942779541,11.064892768859863,-38.77342224121094,-3.8215084075927734,20.51517677307129,18.91026496887207,-20.526369094848633
5.820000171661377,8.330920219421387,-38.77342224121094,-3.5696678161621094,23.463769912719727,15.799559593200684,-18.7481632232666
5.829999923706055,5.826813697814941,-38.765647888183594,-3.4338037967681885,25.678810119628906,12.650477409362793,-17.141748428344727
5.840000152587891,3.496169090270996,-38.058597564697266,-3.3258440494537354,27.255746841430664,9.5445556640625,-15.795256614685059
5.849999904632568,1.535620927810669,-36.625606536865234,-3.231980323791504,28.29669189453125,6.498651027679443,-14.775424003601074
5.860000133514404,-0.1188133955001831,-34.84480667114258,-3.06988787651062,28.915977478027344,3.5365023612976074,-14.128347396850586
5.869999885559082,-1.4477026462554932,-32.77619171142578,-2.9119176864624023,29.142841339111328,0.5315796136856079,-13.8657808303833
5.880000114440918,-2.548198938369751,-30.429859161376953,-2.687518835067749,28.981843948364258,-2.4103875160217285,-14.015867233276367
5.889999866485596,-3.294612407684326,-27.74953269958496,-2.441398859024048,28.433448791503906,-5.323638439178467,-14.552657127380371
5.900000095367432,-3.461426258087158,-24.8264102935791,-2.101193428039551,27.459835052490234,-8.26810359954834,-15.442081451416016
5.909999847412109,-3.033876895904541,-21.672698974609375,-1.6622192859649658,26.00826644897461,-11.285937309265137,-16.67649269104004
5.920000076293945,-1.782981276512146,-18.42599868774414,-1.051988124847412,23.97098159790039,-14.336472511291504,-18.189579010009766
5.929999828338623,-5.830545425415039,-0.38853827118873596,-6.520030975341797,20.943117141723633,-17.601308822631836,-19.82145118713379
5.940000057220459,3.006180763244629,15.243645668029785,-3.915257692337036,13.565786361694336,-22.612520217895508,-20.738706588745117
5.949999809265137,6.310111999511719,4.251736164093018,1.8302205801010132,1.5518704652786255,-20.77376365661621,-20.73546600341797
5.960000038146973,-6.283982753753662,-10.2991943359375,26.240070343017578,-4.764176845550537,-16.313222885131836,-18.760372161865234
5.96999979019165,-5.488156318664551,-6.383040428161621,18.60300636291504,-6.2187981605529785,-12.915512084960938,-15.861117362976074
5.980000019073486,3.238037109375,-10.388069152832031,31.917362213134766,-7.627984046936035,-11.202461242675781,-13.320486068725586
5.989999771118164,19.064455032348633,-27.662382125854492,39.01668167114258,-6.295276165008545,-7.558955669403076,-11.672611236572266
6,-11.504561424255371,-23.40924072265625,33.32986068725586,-2.538905143737793,-2.066377639770508,-7.75583553314209
6.010000228881836,-4.029749393463135,-2.2707419395446777,16.30345344543457,1.8002840280532837,-3.544337272644043,-3.2737979888916016
6.019999980926514,3.6603500843048096,-0.7074875831604004,15.06515121459961,4.389707088470459,-4.376417636871338,-2.2681474685668945
6.03000020980835,0.9960519075393677,0.14608199894428253,16.398406982421875,5.1049065589904785,-1.7976187467575073,-1.4695417881011963
6.039999961853027,2.574317693710327,6.179990768432617,15.233180046081543,5.050808906555176,-0.4189474284648895,-1.139087200164795
6.050000190734863,1.2173670530319214,4.995127201080322,19.767789840698242,4.512722969055176,-0.3610711395740509,-1.1231107711791992
6.059999942779541,-0.35008543729782104,4.711926460266113,18.787752151489258,4.470663070678711,-0.06125502660870552,-0.9088747501373291
6.070000171661377,3.917050838470459,5.64351749420166,16.653207778930664,4.737831115722656,0.5480912327766418,-0.30131256580352783
6.079999923706055,7.481783390045166,6.855034351348877,16.266267776489258,4.614436149597168,1.2395477294921875,0.07387449592351913
6.090000152587891,7.858891487121582,7.188060760498047,15.490946769714355,4.410580635070801,1.9069560766220093,-0.014938740991055965
6.099999904632568,6.938268184661865,7.5589375495910645,14.918371200561523,4.204911708831787,2.3515465259552,-0.36852413415908813
6.110000133514404,5.085836410522461,6.997415542602539,14.91801643371582,4.183848857879639,2.5264205932617188,-0.744879961013794
6.119999885559082,3.883920669555664,6.885135173797607,15.288518905639648,4.3252482414245605,2.4801478385925293,-0.9750522971153259
6.130000114440918,3.2506103515625,6.886940002441406,16.919517517089844,4.45070743560791,2.542553424835205,-1.1714369058609009
6.139999866485596,2.87825870513916,6.937363624572754,17.640472412109375,4.599974632263184,2.764843225479126,-1.3333526849746704
6.150000095367432,2.161400318145752,7.077235221862793,17.215620040893555,4.827569007873535,2.8400285243988037,-1.4529573917388916
6.159999847412109,1.2754502296447754,7.325738906860352,16.0753116607666,5.01298713684082,2.7204601764678955,-1.490906834602356
6.170000076293945,0.9795884490013123,7.466502666473389,14.838756561279297,5.071369647979736,2.501167058944702,-1.4146802425384521
6.179999828338623,0.9455783367156982,7.954875946044922,14.04519271850586,4.975951671600342,2.2916641235351562,-1.3168556690216064
6.190000057220459,0.6975277066230774,8.571616172790527,13.236854553222656,4.805759906768799,2.1324315071105957,-1.2376108169555664
6.199999809265137,0.09404526650905609,9.320337295532227,11.665717124938965,4.543303489685059,2.055123805999756,-1.1867361068725586
6.210000038146973,-0.42070236802101135,10.272656440734863,10.242403984069824,4.0689005851745605,1.9459174871444702,-1.191552996635437
6.21999979019165,-0.694490373134613,11.201018333435059,9.264323234558105,3.097576856613159,1.6800240278244019,-1.3424477577209473
6.230000019073486,-0.7155858278274536,11.251023292541504,9.18298625946045,3.1046221256256104,1.6815968751907349,-1.341038703918457
6.239999771118164,-1.0958490371704102,11.010703086853027,8.744514465332031,2.6268117427825928,1.5542261600494385,-1.3948734998703003
6.25,-1.1711899042129517,10.537436485290527,8.014677047729492,2.1768691539764404,1.3505780696868896,-1.3498533964157104
6.260000228881836,-1.1265238523483276,10.05489444732666,8.359579086303711,1.7606889009475708,1.1917023658752441,-1.1815695762634277
6.269999980926514,-0.9012559652328491,9.77393913269043,8.302464485168457,1.4407639503479004,1.1569242477416992,-0.9059875011444092
6.28000020980835,-1.0298116207122803,9.790679931640625,8.010554313659668,1.2355828285217285,1.143190622329712,-0.615681529045105
6.289999961853027,-1.7594302892684937,9.96018123626709,7.173824310302734,1.0975295305252075,1.0991936922073364,-0.3570552170276642
6.300000190734863,-3.3223984241485596,9.961546897888184,6.022385597229004,0.9130363464355469,0.7671588063240051,-0.14194899797439575
6.309999942779541,-4.359907150268555,9.197746276855469,5.993036270141602,0.6144108176231384,0.3089475631713867,0.07442428171634674
6.320000171661377,-3.6104896068573,8.558931350708008,7.223145961761475,0.39714187383651733,0.18410369753837585,0.348444402217865
6.329999923706055,-1.8839119672775269,8.690485000610352,7.641273498535156,0.34288835525512695,0.28238335251808167,0.5612896084785461
6.340000152587891,-0.8417974710464478,8.704479217529297,6.058394908905029,0.38695818185806274,0.45070362091064453,0.6017512679100037
6.349999904632568,0.0031470037065446377,8.833163261413574,4.234872817993164,0.38548725843429565,0.6450164914131165,0.44508931040763855
6.360000133514404,-1.1259690523147583,9.087897300720215,3.6985976696014404,0.31338223814964294,0.7524421811103821,0.1758861094713211
6.369999885559082,-1.848949670791626,9.323508262634277,3.7226438522338867,0.2163659781217575,0.6560558080673218,-0.079951211810112
6.380000114440918,-2.7929141521453857,9.565423011779785,4.0683088302612305,0.1009775847196579,0.490116685628891,-0.2648049592971802
6.389999866485596,-3.499769449234009,9.622140884399414,4.363278388977051,0.01914401724934578,0.361828476190567,-0.31057143211364746
6.400000095367432,-4.001766681671143,9.467790603637695,4.3237762451171875,-0.021528827026486397,0.22652417421340942,-0.25756675004959106
6.409999847412109,-4.27357816696167,9.391874313354492,4.036190509796143,-0.04333072528243065,0.03562651202082634,-0.12294697016477585
6.420000076293945,-4.234637260437012,9.515084266662598,3.826878786087036,-0.05944548547267914,-0.1293695718050003,0.062256284058094025
6.429999828338623,-4.054561138153076,9.64356517791748,3.7535459995269775,-0.059525586664676666,-0.32669347524642944,0.2186197191476822
6.440000057220459,-3.783799886703491,9.795961380004883,3.6304140090942383,-0.04835885018110275,-0.5311499834060669,0.35104766488075256
6.449999809265137,-3.2740225791931152,10.051440238952637,3.7263193130493164,-0.09842894226312637,-0.6701061129570007,0.44073474407196045
6.460000038146973,-2.7132694721221924,10.287164688110352,3.9685325622558594,-0.16110393404960632,-0.7438459396362305,0.4645282030105591
6.46999979019165,-2.374208927154541,10.504495620727539,4.183590412139893,-0.20251590013504028,-0.7833355069160461,0.4238226115703583
6.480000019073486,-2.2424886226654053,10.649693489074707,4.325840473175049,-0.22277402877807617,-0.7794359922409058,0.3403069078922272
6.489999771118164,-2.3148257732391357,10.715635299682617,4.374820232391357,-0.2199632078409195,-0.7464455366134644,0.24786368012428284
6.5,-2.512984037399292,10.641876220703125,4.294785499572754,-0.21963189542293549,-0.7200815677642822,0.1776738166809082
6.510000228881836,-2.661515712738037,10.469785690307617,4.176001071929932,-0.22808249294757843,-0.690994143486023,0.15560613572597504
6.519999980926514,-2.7921721935272217,10.188885688781738,4.051173210144043,-0.2572099566459656,-0.6674664616584778,0.17871876060962677
6.53000020980835,-2.82971453666687,9.973526000976562,3.938168525695801,-0.2838979661464691,-0.7038685083389282,0.23208388686180115
6.539999961853027,-2.6113078594207764,10.00097942352295,3.803941011428833,-0.30824488401412964,-0.6848592162132263,0.29211193323135376
6.550000190734863,-2.274151563644409,10.056238174438477,3.774132013320923,-0.3714550733566284,-0.5630190372467041,0.35521653294563293
6.559999942779541,-1.924064040184021,9.953200340270996,3.9888246059417725,-0.4476161003112793,-0.4842984974384308,0.372667521238327
6.570000171661377,-1.8686270713806152,9.763937950134277,4.358881950378418,-0.4923194348812103,-0.4383062422275543,0.34433016180992126
6.579999923706055,-1.9249536991119385,9.654592514038086,4.6055498123168945,-0.49030235409736633,-0.39042070508003235,0.3079426884651184
6.590000152587891,-1.8248800039291382,9.901455879211426,4.671655178070068,-0.4557608664035797,-0.3387376666069031,0.25545138120651245
6.599999904632568,-1.9478482007980347,10.292210578918457,4.429756164550781,-0.3864630162715912,-0.34011396765708923,0.14851723611354828
6.610000133514404,-2.3715367317199707,10.060388565063477,3.887537956237793,-0.39700350165367126,-0.41592544317245483,0.06000618636608124
6.619999885559082,-2.46193265914917,9.612987518310547,3.716228485107422,-0.5474177002906799,-0.5057617425918579,0.032702844589948654
6.630000114440918,-2.3198354244232178,9.395499229431152,4.115478515625,-0.7535198926925659,-0.5784820914268494,0.03613624349236488
6.639999866485596,-2.104376792907715,9.186430931091309,4.760091781616211,-0.8875498175621033,-0.6228286027908325,0.0320911668241024
6.650000095367432,-1.8771722316741943,8.937674522399902,5.211384296417236,-0.9187489151954651,-0.6394604444503784,-0.002818080596625805
6.659999847412109,-1.677595853805542,8.715755462646484,5.4720048904418945,-0.8807995319366455,-0.6390089392662048,-0.06394203752279282
6.670000076293945,-1.5821574926376343,8.597406387329102,5.593456745147705,-0.8097358345985413,-0.6127651333808899,-0.12653693556785583
6.679999828338623,-1.594815969467163,8.330606460571289,5.692552089691162,-0.7270612120628357,-0.5452549457550049,-0.16532376408576965
6.690000057220459,-1.7973073720932007,8.012434959411621,5.585055351257324,-0.6629663109779358,-0.43512043356895447,-0.15157561004161835
6.699999809265137,-1.7086645364761353,7.863856315612793,5.3668012619018555,-0.6472410559654236,-0.3657497465610504,-0.05074002221226692
6.710000038146973,-1.4950836896896362,7.8260579109191895,5.304452419281006,-0.6547231674194336,-0.35284632444381714,0.05733010545372963
6.71999979019165,-1.323266863822937,7.781216621398926,5.4087724685668945,-0.6584151387214661,-0.36571332812309265,0.14159582555294037
6.730000019073486,-1.1601629257202148,7.712235450744629,5.521634101867676,-0.6484243273735046,-0.37174636125564575,0.19280914962291718
6.739999771118164,-0.910818874835968,7.775450706481934,5.554782867431641,-0.6381351351737976,-0.37074875831604004,0.20981594920158386
6.75,-0.6493120193481445,7.779922008514404,5.620555877685547,-0.6265532970428467,-0.33361488580703735,0.1915384829044342
6.760000228881836,-0.47015488147735596,7.7142486572265625,5.70286750793457,-0.6382297873497009,-0.3024485111236572,0.1264713853597641
6.769999980926514,-0.4164445102214813,7.5946245193481445,5.754297256469727,-0.6422275304794312,-0.27828001976013184,0.04481986165046692
6.78000020980835,-0.30081671476364136,7.569693565368652,5.957555294036865,-0.6137627363204956,-0.25914692878723145,-0.048479001969099045
6.789999961853027,-0.3375548720359802,7.46607780456543,6.068502426147461,-0.5497151017189026,-0.21163277328014374,-0.15011559426784515
6.800000190734863,-0.4990241229534149,7.302282333374023,6.048633575439453,-0.48781925439834595,-0.17212504148483276,-0.2255411297082901
6.809999942779541,-0.7036822438240051,7.11600399017334,6.015543460845947,-0.4452786147594452,-0.18843640387058258,-0.2595474421977997
6.820000171661377,-0.8777050375938416,7.075234889984131,6.056089401245117,-0.40763139724731445,-0.21697765588760376,-0.24124811589717865
6.829999923706055,-0.9968487620353699,7.123981952667236,6.092992782592773,-0.39166954159736633,-0.22641131281852722,-0.20370645821094513
6.840000152587891,-1.0059289932250977,7.205761909484863,6.006923675537109,-0.3921683728694916,-0.28452423214912415,-0.1414501816034317
6.849999904632568,-1.0070288181304932,7.2194037437438965,5.812350749969482,-0.41309645771980286,-0.38987454771995544,-0.08974895626306534
6.860000133514404,-0.8855969309806824,7.193760871887207,5.730632305145264,-0.42841383814811707,-0.4949445426464081,-0.03791666030883789
6.869999885559082,-0.7085080146789551,7.234189987182617,5.882790565490723,-0.43278294801712036,-0.6007755398750305,-0.0018823613645508885
6.880000114440918,-0.5487260818481445,7.240935802459717,6.038875579833984,-0.42261746525764465,-0.6765105128288269,0.020968124270439148
6.889999866485596,-0.3225654661655426,7.232627868652344,6.104214668273926,-0.4200906455516815,-0.6883071660995483,0.023422110825777054
6.900000095367432,-0.0660254955291748,7.323179721832275,6.107326030731201,-0.420651376247406,-0.6982032060623169,0.021510621532797813
6.909999847412109,0.09047026187181473,7.352301120758057,6.137648105621338,-0.4059128761291504,-0.6949591040611267,-0.0030219731852412224
6.920000076293945,0.18850867450237274,7.328298568725586,6.179576873779297,-0.37979283928871155,-0.6781561970710754,-0.04602865129709244
6.929999828338623,0.24713343381881714,7.344845294952393,6.252997398376465,-0.3477672040462494,-0.6552475094795227,-0.09178423881530762
6.940000057220459,0.27105867862701416,7.459420204162598,6.2781171798706055,-0.3094027042388916,-0.6006153225898743,-0.1294788122177124
6.949999809265137,0.1826028674840927,7.6339521408081055,6.250604152679443,-0.2764122188091278,-0.5360615849494934,-0.1629389524459839
6.960000038146973,-0.02585679292678833,7.656522750854492,6.1111650466918945,-0.27646321058273315,-0.48010414838790894,-0.16320475935935974
6.96999979019165,-0.028469925746321678,7.726193904876709,6.0175395011901855,-0.34220021963119507,-0.4435564875602722,-0.12727239727973938
6.980000019073486,-0.04000578820705414,7.665592670440674,5.972205638885498,-0.4123172461986542,-0.4573592245578766,-0.10290364176034927
6.989999771118164,-0.04045881703495979,7.524015426635742,6.0559916496276855,-0.46008265018463135,-0.4831879734992981,-0.10016565769910812
7,-0.01021739561110735,7.413186550140381,6.1332807540893555,-0.4830787777900696,-0.5062751173973083,-0.10468406230211258
7.010000228881836,0.004351800307631493,7.261892318725586,6.307857990264893,-0.47604450583457947,-0.5093262195587158,-0.11948444694280624
7.019999980926514,0.06752000004053116,7.14405632019043,6.461268424987793,-0.4541115462779999,-0.4934627413749695,-0.12308896332979202
7.03000020980835,0.06660080701112747,7.109195709228516,6.518424987792969,-0.4078024923801422,-0.47183921933174133,-0.11296354234218597
7.039999961853027,0.030358372256159782,7.109372138977051,6.412044048309326,-0.36906298995018005,-0.4531102776527405,-0.09611330926418304
7.050000190734863,0.026133373379707336,7.134571075439453,6.323835849761963,-0.33574119210243225,-0.42731064558029175,-0.06142250820994377
7.059999942779541,0.042567215859889984,7.168417930603027,6.246755123138428,-0.3084196448326111,-0.40015292167663574,-0.0314212366938591
7.070000171661377,0.12853795289993286,7.221351623535156,6.177841663360596,-0.3029473125934601,-0.38808685541152954,-0.01384282112121582
7.079999923706055,0.1748652309179306,7.233889102935791,6.140837669372559,-0.3065045177936554,-0.3868671655654907,-0.006520908325910568
7.090000152587891,0.2458268702030182,7.192561149597168,6.144408702850342,-0.322688490152359,-0.367872416973114,-0.007460268680006266
7.099999904632568,0.2920359671115875,7.212975025177002,6.129373550415039,-0.32822996377944946,-0.33985909819602966,-0.0006153173744678497
7.110000133514404,0.3598526418209076,7.139493465423584,6.166895866394043,-0.3479601740837097,-0.3060457706451416,-0.007143507245928049
7.119999885559082,0.44011786580085754,7.113222599029541,6.20562219619751,-0.36627039313316345,-0.26215797662734985,-0.016722798347473145
7.130000114440918,0.4897509217262268,7.085974216461182,6.262941360473633,-0.370326429605484,-0.21209517121315002,-0.04777265712618828
7.139999866485596,0.47688227891921997,7.005285739898682,6.318973064422607,-0.3694525957107544,-0.17226339876651764,-0.09263985604047775
7.150000095367432,0.4189928472042084,6.898735046386719,6.322231292724609,-0.3555879294872284,-0.1265697032213211,-0.14026688039302826
7.159999847412109,0.3181311786174774,6.828080654144287,6.3488640785217285,-0.3426079750061035,-0.07952158153057098,-0.177582785487175
7.170000076293945,0.18948039412498474,6.76062536239624,6.368494510650635,-0.3200087249279022,-0.05438823252916336,-0.21319109201431274
7.179999828338623,0.08365510404109955,6.750513553619385,6.3697662353515625,-0.30678486824035645,-0.03736687824130058,-0.23027434945106506
7.190000057220459,0.032167211174964905,6.751980781555176,6.443174362182617,-0.28451329469680786,-0.04072381556034088,-0.23155958950519562
7.199999809265137,0.07760156691074371,6.799201965332031,6.53797721862793,-0.2654712200164795,-0.048926834017038345,-0.23424659669399261
7.210000038146973,0.11974652856588364,6.858658790588379,6.624424457550049,-0.2372794896364212,-0.05348528176546097,-0.24135734140872955
7.21999979019165,0.14598947763442993,6.874098777770996,6.694766521453857,-0.2164679318666458,-0.0470772422850132,-0.2588556408882141
7.230000019073486,0.15691472589969635,6.861002445220947,6.7555012702941895,-0.20108863711357117,-0.03501483425498009,-0.27436965703964233
7.239999771118164,0.049796003848314285,6.873983860015869,6.755925178527832,-0.18434399366378784,-0.03746882453560829,-0.266461580991745
